cell	x	y
AAACAAGTATCTCCCA-1	50	102
AAACAGAGCGACTCCT-1	14	94
AAACATTTCCCGGATT-1	61	97
AAACCACTACACAGAT-1	3	117
AAACCCGAACGAAATC-1	45	115
AAACCGGAAATGTTAA-1	54	124
AAACCGGGTAGGTACC-1	42	28
AAACCGTTCGTCCAGG-1	52	42
AAACCTAAGCAGCCGG-1	65	83
AAACGACAGTCTTGCC-1	2	118
AAACGAGACGGTTGAT-1	35	79
AAACGCCCGAGATCGG-1	4	108
AAACGGGCGTACGGGT-1	65	91
AAACGTGTTCGCCCTA-1	14	118
AAACTAACGTGGCGAC-1	8	110
AAACTCGGTTCGCAAT-1	66	70
AAACTCGTGATATAAG-1	23	113
AAACTGCTGGCTCCAA-1	45	67
AAAGACATGAAGTTTA-1	0	92
AAAGCTTGCCTACATA-1	26	122
AAAGGCTACGGACCAT-1	62	54
AAAGGCTCTCGCGCCG-1	55	55
AAAGGGATGTAGCAAG-1	24	62
AAAGGTAAGCTGTACC-1	10	106
AAAGGTCAACGACATG-1	0	112
AAAGTAGCATTGCTCA-1	51	27
AAAGTGTGATTTATCT-1	44	94
AAAGTTGACTCCCGTA-1	42	96
AAATAACCATACGGGA-1	14	88
AAATAAGGTAGTGCCC-1	31	115
AAATACCTATAAGCAT-1	47	69
AAATAGCTTAGACTTT-1	36	106
AAATAGGGTGCTATTG-1	53	79
AAATCACTCCTAAACG-1	0	122
AAATCCGATACACGCC-1	65	87
AAATCGTGTACCACAA-1	44	56
AAATCTAGCCCTGCTA-1	53	101
AAATGATTCGATCAGC-1	21	111
AAATGGTCAATGTGCC-1	33	51
AAATTAACGGGTAGCT-1	34	58
AAATTACACGACTCTG-1	14	86
AAATTACCTATCGATG-1	26	94
AAATTCCAGGTCCAAA-1	35	115
AAATTGATAGTCCTTT-1	55	31
AAATTGGTGAGAAGCA-1	15	119
AAATTTACCGAAATCC-1	6	90
AAATTTGCGGGTGTGG-1	47	33
AACAACTGGTAGTTGC-1	28	42
AACACACGCTCGCCGC-1	51	93
AACAGGTAGTATGGAT-1	49	113
AACATATCAACTGGTG-1	27	99
AACATCGATACGTCTA-1	17	113
AACCAGTATCACTCTT-1	6	92
AACCCGAGCAGAATCG-1	57	113
AACCCGATAGGGCTTC-1	5	125
AACCCTACTGTCAATA-1	40	96
AACCGAGCTTGGTCAT-1	24	70
AACCGCTAAGGGATGC-1	46	92
AACCTAAAGCCGTCCG-1	0	80
AACCTCGCTTTAGCCC-1	62	82
AACCTGTCACGGAATT-1	36	118
AACCTTTAAATACGGT-1	54	68
AACCTTTACGACGTCT-1	16	92
AACGATAATGCCGTAG-1	53	73
AACGATATGTCAACTG-1	24	76
AACGCATGATCTGGGT-1	20	104
AACGCGGTCTCCAGCC-1	23	65
AACGCTGTTGCTGAAA-1	54	94
AACGGACGTACGTATA-1	50	92
AACGGCCATCTCCGGT-1	47	39
AACGTACTGTGGGTAC-1	48	42
AACGTCAGACTAGTGG-1	24	40
AACGTGATGAAGGACA-1	9	83
AACGTGCGAAAGTCTC-1	36	74
AACTACCCGTTTGTCA-1	47	113
AACTAGGCTTGGGTGT-1	55	61
AACTCAAGTTAATTGC-1	38	44
AACTCCAGAGCGTGTT-1	60	92
AACTCCTAATCCCATG-1	12	92
AACTCTCAATAGAGCG-1	35	93
AACTCTCAGTGTGCTC-1	53	41
AACTGAGGTCAGCGTC-1	9	111
AACTGAGTTATACTGA-1	51	127
AACTGGGTCCCGACGT-1	20	66
AACTGGGTTCGAGCCG-1	3	89
AACTTTCTCGATCATG-1	22	124
AAGAAATCACCAGATT-1	20	126
AAGACCCAACTGAACA-1	60	54
AAGACTCACGCCCACT-1	1	95
AAGACTGCAAGCTACT-1	36	68
AAGAGCTCTTTATCGG-1	35	77
AAGAGGATGTACGCGA-1	39	29
AAGAGGCATGGATCGC-1	36	80
AAGAGGCCCTTTGGAA-1	59	109
AAGATTGGCGGAACGT-1	26	90
AAGCACCCTGCGTATC-1	59	73
AAGCATACTCTCCTGA-1	53	69
AAGCCGAAGCGGTTTA-1	49	107
AAGCCGCTTTACCTTG-1	19	125
AAGCGCAGGGCTTTGA-1	67	73
AAGCGGAGTGCGCGCA-1	12	126
AAGCGGCGTCATGGGT-1	9	97
AAGCGTCCCTCATCGA-1	57	35
AAGCTAGATCGAGTAA-1	50	68
AAGCTCGTGCCAAGTC-1	35	73
AAGCTCTTTCATGGTG-1	57	81
AAGGAGCGGTTGGTGC-1	28	48
AAGGATCGATCGCTTG-1	39	109
AAGGATGAGGGACCTC-1	27	87
AAGGCAGGCTGTCTCC-1	42	118
AAGGCGCGTAAAGCTT-1	24	38
AAGGCTGTGCTCATCG-1	30	46
AAGGGACAGATTCTGT-1	26	92
AAGGTATCCTAATATA-1	25	81
AAGGTGATAAACCAGC-1	44	92
AAGTCAATTGTCGTCA-1	45	101
AAGTCTAGTAGCTGCC-1	21	125
AAGTGCCTTGACTGTA-1	44	104
AAGTGCGTTAGAATCT-1	49	27
AAGTGTTTGGAGACGG-1	52	80
AAGTTCACTCCAAGCT-1	57	85
AAGTTCAGTCTGCGTA-1	18	104
AAGTTCGGCCAACAGG-1	46	34
AATAACAACGCTCGGC-1	36	30
AATAACACTAGAACAA-1	52	38
AATAATCTTCGTATCG-1	52	122
AATAGAACAGAGTGGC-1	52	46
AATAGAATCTGTTTCA-1	48	86
AATAGCAAGCCTCCTG-1	7	111
AATAGCTACCGCGTGC-1	19	111
AATAGTCCGTCCCGAC-1	57	57
AATATCGAATCAATGC-1	49	109
AATATCGAGGGTTCTC-1	27	101
AATCATGTAAAGACTC-1	54	98
AATCGCCTCAGCGCCA-1	39	79
AATCGCGCAGAGGACT-1	42	114
AATCGTGAGCCGAGCA-1	67	83
AATCTATGCCGGAGCC-1	26	110
AATCTGCGTTGGGACG-1	32	92
AATCTGGGTAGACCCT-1	4	94
AATGACAGCAATGTCT-1	48	30
AATGACGTAGGATGTC-1	44	78
AATGACTGTCAGCCGG-1	23	47
AATGATGATACGCTAT-1	23	93
AATGATGCGACTCCTG-1	25	101
AATGCAACCGGGTACC-1	25	59
AATGCACCAAGCAATG-1	19	97
AATGGCCGCCAATGCG-1	3	123
AATTAAAGGTCGGCGT-1	40	50
AATTAACGGATTTCCA-1	58	66
AATTAGCGCTGCAGCG-1	51	63
AATTCATAAGGGATCT-1	23	91
AATTCGATTCGAGGAT-1	66	76
AATTCTAGAGTTAGGC-1	49	63
AATTGAACGCTCTGGT-1	45	83
AATTGCAGCAATCGAC-1	64	102
AATTTGGGACATAGTA-1	13	91
ACAAACCGACAAGGCG-1	0	78
ACAAAGCATGACCTAG-1	63	97
ACAAATCGCACCGAAT-1	50	82
ACAAATGGTAGTGTTT-1	44	84
ACAAATTCAGATCTGA-1	7	103
ACAACAGCATGAGCTA-1	32	72
ACAAGGAAATCCGCCC-1	49	75
ACAAGGACAAGAGGTT-1	29	37
ACAAGGATGCTTTAGG-1	61	87
ACAAGGCCTACCAGCC-1	4	106
ACAAGGGCAGGCTCTG-1	44	76
ACAATCCATTTAAACC-1	36	32
ACAATGATTCTTCTAC-1	8	112
ACAATTGTGTCTCTTT-1	51	97
ACAATTTGAGCAGTGG-1	28	82
ACAATTTGGCCATATT-1	43	123
ACACAAAGACGGGTGG-1	24	56
ACACAAATATTCCTAG-1	14	124
ACACACCAGGACCAGT-1	44	90
ACACCACATAATTAGC-1	31	117
ACACCCAGCATGCAGC-1	24	50
ACACCCGTAAATCTGT-1	0	126
ACACCTTAAGTAGGGC-1	25	43
ACACCTTACTACTTGC-1	41	111
ACACGAGACTCCTTCT-1	31	71
ACACGGGAACTTAGGG-1	27	71
ACACGTAGGCCACAAG-1	58	110
ACACTGATCAAGGTGT-1	52	48
ACACTGGGACAGTCGT-1	59	115
ACAGCGACATTCTCAT-1	59	99
ACAGCGCACCCGCAGC-1	10	80
ACAGGCTTGCCCGACT-1	53	87
ACAGGTGGAGGTGAGG-1	51	39
ACAGTATACCGTGGGA-1	19	119
ACAGTGCAGCGCATTT-1	0	116
ACATAATAAGGCGGTG-1	21	63
ACATCCCGGCCATACG-1	55	57
ACATCCTGGTAACTGT-1	42	102
ACATCGATCGTTTACC-1	42	62
ACATCGGTCAGCCGCG-1	41	37
ACATCGTATGCAATGG-1	45	81
ACATGGCGCCAAAGTA-1	40	104
ACATTAGTTTATATCC-1	51	61
ACCAAACACCCAGCGA-1	17	115
ACCAACACCACACACT-1	20	110
ACCAACCGCACTCCAC-1	65	97
ACCAACGCTTATTTAT-1	53	49
ACCAATATGCAAGTTA-1	56	78
ACCACAACTCAGAACA-1	7	81
ACCACAAGTTTCTATC-1	30	54
ACCACCAATGTAACAA-1	41	107
ACCACCCTCTCTTCTA-1	23	121
ACCACGTGCAGCTATA-1	48	76
ACCAGTGCCCGGTCAA-1	9	103
ACCAGTGCGGGAGACG-1	48	94
ACCATATCCGCAATAA-1	38	56
ACCATCGTATATGGTA-1	42	42
ACCCAACGCCCGTGGC-1	30	86
ACCCATCTTGAGGGTA-1	37	37
ACCCATTTGTCCCTCT-1	60	100
ACCCGGAAACTCCCAG-1	57	65
ACCCGGAGCACCACAA-1	59	123
ACCCGGATGACGCATC-1	38	100
ACCCGGTTACACTTCC-1	42	48
ACCCGTGTCATCAGTA-1	58	54
ACCCTATGCCATATCG-1	56	40
ACCCTCCCTTGCTATT-1	48	84
ACCCTGGTAACGCCCT-1	21	115
ACCCTTGCCTGGGTCG-1	16	126
ACCCTTTAGTTCTCCA-1	6	80
ACCGACACATCTCCCA-1	61	67
ACCGACTGAGTCCCAC-1	28	66
ACCGATAGGCATAACC-1	60	118
ACCGATATTTAATCAT-1	54	120
ACCGATGGTAGCATCG-1	36	92
ACCGCAATAACTGCCT-1	51	79
ACCGCGGTGGAAGTCG-1	44	106
ACCGGGCCTTTGTTGA-1	46	98
ACCGGTCTGAGTACGG-1	4	100
ACCTAAGTACCTTTCA-1	50	30
ACCTACAGTATGTGGT-1	41	113
ACCTCCGCCCTCGCTG-1	55	107
ACCTCCGTTATTCACC-1	34	112
ACGACCCATGAGTTGC-1	59	125
ACGAGATATTTGCTTA-1	9	81
ACGAGTACGGATGCCC-1	28	104
ACGATACATAGAACTA-1	22	80
ACGATCATACATAGAG-1	25	63
ACGATCATCTTGTAAA-1	36	102
ACGATGCATATGTTAT-1	37	43
ACGCAATCACTACAGC-1	25	109
ACGCATAAATGACATG-1	5	111
ACGCATACGTTTACTA-1	56	102
ACGCATTCGTGAGTAC-1	33	61
ACGCCGCTAGACGACC-1	43	71
ACGCGAAGTCAGACGA-1	49	59
ACGCGCTACACAGGGT-1	41	31
ACGCGGGCCAAGGACA-1	34	62
ACGCTAGTATCAGTGC-1	0	124
ACGCTAGTGATACACT-1	28	100
ACGCTTAGTGTCTCTC-1	3	81
ACGGACTCTCAAAGCG-1	61	75
ACGGAGCGCAAATTAC-1	18	108
ACGGATGGTGCGGATA-1	57	79
ACGGCACTTGCTTGGG-1	52	60
ACGGCCAACATGGACT-1	53	55
ACGGCGACGATGGGAA-1	49	77
ACGGGAGTGTCGGCCC-1	47	25
ACGGGCGTATGCGACA-1	24	118
ACGTAGATTGCTGATG-1	33	67
ACGTATTACTCCGATC-1	41	97
ACGTGGTCGAATGTGC-1	2	78
ACGTTAATGTCGAAGA-1	41	69
ACGTTAGATTTGCCCG-1	39	39
ACGTTCGCAATCAATT-1	33	113
ACGTTCTGTACAAGTC-1	65	95
ACTAAGGACGCACACC-1	11	127
ACTAATACGTCAGGCG-1	8	98
ACTACCAGCTCTCTGG-1	25	41
ACTACGCGTTAGAATT-1	60	56
ACTAGTTGCGATCGTC-1	50	104
ACTATATGCTGTGTTC-1	13	105
ACTATCCAGGGCATGG-1	38	108
ACTATCTGCCCGCGTA-1	53	113
ACTCAAGTGCAAGGCT-1	60	86
ACTCAATAAAGGCACG-1	25	69
ACTCCCGAATTCGTTT-1	32	104
ACTCCCGTAGACTAGG-1	21	123
ACTCCCTAATGCTAAA-1	57	69
ACTCCCTAGAATAGTA-1	48	70
ACTCGCGATCTGACGC-1	42	126
ACTCGTCAGTAATCCC-1	36	78
ACTCTCTGACTTAGGT-1	42	78
ACTCTCTTATACACGA-1	8	84
ACTCTTCAGCTCCCGC-1	36	126
ACTCTTGTATAGTAAC-1	36	70
ACTGAAACGCCGTTAG-1	57	93
ACTGAATGGCGAAAGT-1	47	83
ACTGATTTAGTGATTC-1	4	80
ACTGCGGACACACCGT-1	37	119
ACTGGCGAACCTGCGT-1	10	126
ACTGTACGATACACAT-1	30	78
ACTGTAGCACTTTGGA-1	27	39
ACTGTCCAGGATTATA-1	33	55
ACTGTCTTCTTTAGAA-1	30	64
ACTTACCGGGCGCGCA-1	11	95
ACTTACGCATCCACGC-1	58	78
ACTTATACTTACCCGG-1	36	90
ACTTATTAGGATCGGT-1	38	52
ACTTATTTATGTGCCA-1	46	90
ACTTCAGGCTGATCCC-1	51	81
ACTTCCATGCGGGACA-1	61	85
ACTTCCTGTCGTGCGA-1	0	120
ACTTCGCCATACGCAC-1	27	75
ACTTCGCTAGCGAGTG-1	31	127
ACTTGACTCCCTCTTT-1	42	72
ACTTGGGACCCGGTGG-1	29	49
ACTTGTGGATGGAACG-1	52	108
ACTTTACCCTCATGAA-1	32	106
ACTTTCCTATAGCTTC-1	28	62
ACTTTGTCGACGCACT-1	56	120
AGAAATTATGACTCGC-1	53	115
AGAACCCAGCGTGACA-1	44	124
AGAACGTGGTACATTC-1	27	73
AGAAGAGCGCCGTTCC-1	38	88
AGAAGGTTGCCGAATT-1	42	44
AGAAGGTTGTAGGTCG-1	64	78
AGAAGTGATTCGTGAT-1	48	28
AGAATGCGGGTTCGGA-1	12	108
AGAATTATGGATTCGA-1	32	98
AGACAGGCATCTCAGC-1	55	125
AGACCCACCGCTGATC-1	49	65
AGACCCGCCCTCCTCG-1	26	56
AGACCGCTCCGCGGTT-1	51	111
AGACGAAGTGCCGGTC-1	49	97
AGACGACGATGCCGCT-1	53	33
AGACGCCCACTTCGCC-1	60	120
AGACGGGATTGGTATA-1	1	79
AGACGGGCCGATTTAA-1	8	102
AGACTAGCCTTCCAGA-1	28	46
AGAGAACCGTCTAGGA-1	26	88
AGAGAAGGAGTACAAT-1	58	34
AGAGCCGCCGAGATTT-1	58	112
AGAGCGCTTGTAACGG-1	19	127
AGAGGCTTCGGAAACC-1	51	101
AGAGGGACAATTGTCC-1	7	119
AGAGTAAACTTCACTA-1	48	106
AGAGTATAGTGTTACG-1	28	122
AGAGTGAACAGACACC-1	1	125
AGAGTTAGAGACCGAT-1	6	98
AGAGTTGCAGGCCTCC-1	11	125
AGATAACTTCAGGGCC-1	32	44
AGATACCAATAGAACC-1	64	110
AGATACCAGCACTTCA-1	16	118
AGATACCGGTGTTCAC-1	40	38
AGATACTCAAGATCGA-1	46	82
AGATATAATACGACTA-1	64	72
AGATCGTGCATAAGAT-1	21	97
AGATCTCAGGTGTGAT-1	29	75
AGATGAGGGTTGCGAT-1	14	98
AGATGATGGAGTCTGG-1	34	106
AGATTATAGGACGTTT-1	36	54
AGATTCAAGCGGGTCG-1	3	111
AGCAAAGGCCGCTAGT-1	60	72
AGCAACATATCTTATT-1	41	93
AGCACCAGTACTCACG-1	27	65
AGCACTACCTCACCAG-1	53	81
AGCAGAAGGAGAAAGA-1	64	68
AGCAGCCAGATGAATA-1	56	58
AGCATATCAATATGCT-1	51	95
AGCATCGTCGATAATT-1	22	52
AGCCAAGCTTTGTGTC-1	64	58
AGCCACAGGTTACCCG-1	63	89
AGCCACTCCCGTGCTT-1	23	81
AGCCCGGTAGCCTGTA-1	61	49
AGCCCTGTCGCACCGT-1	41	121
AGCCCTTCTAATCCGA-1	17	103
AGCCCTTGGACATCCC-1	57	117
AGCGACAGGAACGGTC-1	51	37
AGCGACCAACGATATT-1	25	55
AGCGATGCGCCTAATA-1	64	108
AGCGCATAATGAATCG-1	57	55
AGCGCGGGTGCCAATG-1	24	92
AGCGCTAGAGCGATGT-1	40	122
AGCGCTTATGGGCAAG-1	8	96
AGCGGACACTTCGTAG-1	62	62
AGCGGGTCTGACACTC-1	66	66
AGCGGTTGAGATGTAC-1	0	90
AGCGGTTGCCGCTCTG-1	18	116
AGCGTGGTATTCTACT-1	45	71
AGCGTTCCGATTTAAA-1	2	92
AGCTAAGTACGCAGGC-1	64	86
AGCTAGAAGCAGAAGT-1	21	99
AGCTCCATATATGTTC-1	57	109
AGCTCCTTCGCACATC-1	52	86
AGCTCGTTGATGGAAA-1	16	124
AGCTCTAGACGTTCCA-1	38	76
AGCTCTTCCCAGTGCA-1	18	88
AGCTCTTCGTAACCTT-1	39	107
AGCTCTTTACTCAGTT-1	41	45
AGCTGAAGTAAACCAA-1	20	84
AGCTGCATTTGAGGTG-1	1	107
AGCTGCTGTGCCGAAT-1	1	113
AGCTTCAATACTTTGA-1	0	76
AGGAAGCTGTCCGCCG-1	61	65
AGGACAGTCGAATCCC-1	43	85
AGGACGACCCATTAGA-1	43	45
AGGACGCTCGATGTTG-1	18	98
AGGAGACATCCACAGT-1	24	122
AGGAGAGTCTGGCTAC-1	26	126
AGGAGGCCTTCGCGCG-1	52	98
AGGATAAAGTCGGGAT-1	53	65
AGGATATAGGGATTTA-1	46	96
AGGATTGCTTACGACA-1	30	120
AGGCACGTGACTGTCC-1	57	115
AGGCAGATGCGTAAAC-1	26	86
AGGCAGGGAGCGTACT-1	59	49
AGGCATTGTCGTAGGG-1	49	99
AGGCCACATTGGTTAC-1	46	126
AGGCCACCCGTTATGA-1	28	38
AGGCCTGAGAATCTCG-1	62	88
AGGCGATAACTGGCGT-1	58	122
AGGCGTCTATGGACGG-1	16	112
AGGCTTCCCGAAGAAG-1	50	42
AGGGAAACGAGGTACT-1	13	89
AGGGACCGGCTGCGTT-1	36	110
AGGGACTCTACGCGAC-1	55	53
AGGGAGACATACTTCG-1	29	113
AGGGCTGCAGTTACAG-1	35	65
AGGGTCAGTAACCCTA-1	15	113
AGGGTCGATGCGAACT-1	37	97
AGGGTGCTCTCGAGGG-1	34	92
AGGGTGTGCTACACGC-1	3	121
AGGGTTCCCTTTGGTT-1	30	88
AGGGTTTAGTTCGGGA-1	33	63
AGGTAGGTACAAAGCT-1	35	31
AGGTATAATTGATAGT-1	35	109
AGGTATGCGGACATTA-1	38	124
AGGTCGCCTCCCAACA-1	61	121
AGGTCGCGGAGTTACT-1	26	104
AGGTGGTGACCTTCGC-1	64	56
AGGTTACACCATGCCG-1	43	115
AGGTTGAGGCACGCTT-1	22	74
AGGTTTCACACACCTT-1	41	67
AGTAACGTTCATCCTG-1	5	91
AGTACATCATTTATCA-1	29	109
AGTACCTTCGAGTGCT-1	10	108
AGTACGGGCACCTGGC-1	25	79
AGTACGTGGCCTGTCT-1	6	88
AGTACTCTTATGCCCA-1	56	88
AGTAGCTAGACGCCGA-1	4	102
AGTAGGAAGGAAGTTG-1	16	98
AGTATTTGGCACGACC-1	58	52
AGTCAACACCACCATC-1	41	47
AGTCAAGATGACACTT-1	48	90
AGTCACTAGCTCTCGA-1	55	99
AGTCCATTGGCTGATG-1	42	100
AGTCCCGCCTTTAATT-1	17	93
AGTCCCTCGCAGAAAG-1	24	124
AGTCGACGGTCTCAAG-1	38	90
AGTCGGCCCAAACGAC-1	25	39
AGTCGGTTGCGTGAGA-1	40	112
AGTCGTATAAAGCAGA-1	65	81
AGTCGTCGACCACCAA-1	57	91
AGTCGTGGGCATTACG-1	51	29
AGTCTAAAGTATACTC-1	29	111
AGTCTTCTCCTCAAAT-1	24	66
AGTCTTTAAAGTGTCC-1	67	77
AGTGAACAAACTTCTC-1	44	102
AGTGAAGATGGTGTCC-1	21	121
AGTGACCTACTTTACG-1	44	52
AGTGAGACTTCCAGTA-1	35	87
AGTGAGCCTCGCCGCC-1	29	103
AGTGAGGGTTTCTGAC-1	8	88
AGTGATAACCTGCGCG-1	59	89
AGTGATATGAGTAGTT-1	45	49
AGTGATTCAAGCAGGA-1	33	87
AGTGCACGCTTAAGAA-1	52	96
AGTGCGTAGCTCGTAA-1	46	42
AGTGCTAAACACAGCA-1	61	91
AGTGCTTGCACGAATA-1	41	89
AGTGGCGGCAATTTGA-1	24	94
AGTGGCGTCTGAAGGT-1	62	86
AGTGTATTGCGCATTG-1	17	95
AGTTAAACACTTGCGA-1	40	44
AGTTAAGTCAACCGCT-1	51	25
AGTTACTCTATCGTGG-1	15	89
AGTTCCTACAGAATTA-1	30	50
AGTTCCTATTTATGTT-1	43	65
AGTTGACGGTCCTTGC-1	65	63
AGTTTATGTAAAGACA-1	25	121
AGTTTGCACCTGCCTC-1	58	74
AGTTTGGCACGGGTTG-1	48	102
AGTTTGGCCAGACCTA-1	47	31
ATAAACGGACCCGTAA-1	47	61
ATAAACGTTGCACCAC-1	57	107
ATAAAGGCTCGGTCGT-1	34	50
ATAAAGGTCAAGTACG-1	5	85
ATAAATATTAGCAGCT-1	38	28
ATAACGCCGGAGGGTC-1	35	81
ATAACGGAGTCCAACG-1	25	75
ATAACGTTACCTCCAC-1	10	114
ATAAGCAAACACCGAG-1	9	125
ATAAGGTGGAGAACAT-1	50	72
ATAAGTACCCGATTGT-1	9	113
ATAAGTAGGATTCAGA-1	27	103
ATAAGTAGGGCGACTC-1	36	108
ATAAGTTACCGCGACG-1	46	52
ATAATAGCTGTTGAAT-1	47	63
ATAATCTTGGAGAACC-1	61	77
ATAATTAGCTAAGTAG-1	64	64
ATACAGGCCCTCCAAT-1	56	72
ATACCGTCATCCATAA-1	15	115
ATACCTAACCAAGAAA-1	58	64
ATACGAAGGCTTTCCA-1	37	123
ATACGACAGATGGGTA-1	1	119
ATACGCCGGCGAAACC-1	40	78
ATACGGGTTTCGATTG-1	22	82
ATACGTACTTAGCCAC-1	55	77
ATACGTCCACTCCTGT-1	47	93
ATACGTTATGCACGGA-1	63	63
ATACTACCCGTACCAC-1	59	105
ATACTAGCATGACCCT-1	21	61
ATACTGCCTTACACCG-1	58	84
ATAGACAACGGGACCT-1	28	92
ATAGACGAAGAGAAAG-1	33	45
ATAGAGTACTGGGACA-1	26	48
ATAGAGTTATCAACTT-1	27	93
ATAGCAACTAGGGAAG-1	62	98
ATAGGAATCTAAGCTT-1	5	103
ATAGGCGGCTATAGAA-1	43	33
ATAGGCTAGCTTCGCA-1	25	97
ATAGGGATATCCTTGA-1	21	71
ATAGGTTGGGCAGATG-1	28	64
ATAGTGAAGCGTTCTC-1	41	57
ATAGTTCCACCCACTC-1	38	102
ATATAAAGCGCTCGTG-1	58	68
ATATAAATGTAGCTGC-1	54	74
ATATAACACGGGCGCA-1	66	94
ATATACGCTCGTGACG-1	62	108
ATATCAACCTACAGAG-1	37	105
ATATCGGTAGGGAGAT-1	38	110
ATATCGTGCCAGACCC-1	3	79
ATATCGTTCCTCGAAC-1	58	92
ATATCTCCCTCGTTAA-1	19	87
ATATCTTAGGGCCTTC-1	35	61
ATATGTCTCCCTAGCC-1	35	97
ATATGTGCACAAACCA-1	9	119
ATATTCAGTTAAACCT-1	44	40
ATATTCCACATAGTGA-1	51	77
ATATTGGAGAGGCCTT-1	59	121
ATATTTAACCCTCAAG-1	31	55
ATCAAACACTGTTCCA-1	47	107
ATCAAACGAAGGTTTG-1	49	33
ATCAATCTGGGCTGCA-1	33	65
ATCACATTAGAATATC-1	20	82
ATCACGTGCTAATTAA-1	46	36
ATCACTTCATCCTCGC-1	21	67
ATCAGACGGCACGCCG-1	44	42
ATCAGCCTCATGCTGC-1	57	87
ATCAGGTAGCTGACAG-1	33	127
ATCAGGTCGCCATTGC-1	8	94
ATCAGTAGGCAGGGAT-1	23	87
ATCATAGCCCTATGTA-1	62	106
ATCATCCAATATTTGT-1	39	59
ATCATCTGCCCAGTGT-1	2	84
ATCATGGACTACCGAC-1	44	126
ATCCAACGCAGTCATA-1	25	37
ATCCAATGGAGGGTCC-1	43	27
ATCCACATCGACAGAA-1	62	72
ATCCACGCTAAATGTT-1	5	83
ATCCACTTTCAGACTA-1	7	115
ATCCAGAGCAACAACC-1	50	52
ATCCAGGATTCGTGAA-1	40	46
ATCCTACCTAAGCTCT-1	44	48
ATCCTGCGTGGAATGG-1	45	47
ATCCTTCTGAAAGAAC-1	48	126
ATCGACCCAATACAGA-1	43	63
ATCGACTCTTTCCGTT-1	23	61
ATCGCACGCCGGGAGA-1	25	57
ATCGCCAGTCAACATT-1	45	105
ATCGCTGCGTGCAGCA-1	23	111
ATCGCTTTACGTCTCA-1	35	125
ATCGGAGACAGACGGC-1	52	76
ATCGGCAAGCAGTCCA-1	20	96
ATCGTTAGCTAGCGGA-1	58	98
ATCGTTCACTTTCGCC-1	10	94
ATCTAATATCCTACGG-1	55	67
ATCTAGCTTGTGAGGG-1	67	65
ATCTCATAAACCTACC-1	0	104
ATCTCCCACGGAATAT-1	60	108
ATCTCGTGAGCGAAAC-1	48	116
ATCTGCACCTCTGCGA-1	29	101
ATCTGGGCTGTTCTTG-1	61	69
ATCTGGTTAAGACTGT-1	26	76
ATCTTATCGCACACCC-1	64	104
ATCTTGACCTGCAACG-1	26	44
ATCTTGACTTGTCCAA-1	30	108
ATCTTTCGTATAACCA-1	26	120
ATGAAGCCAAGGAGCC-1	22	46
ATGACGCGTTCTATCC-1	52	30
ATGACTATGCGACATT-1	48	88
ATGAGGGCAGCGGCTA-1	42	120
ATGATGCAATGGTACA-1	44	50
ATGCACTACCGCATTG-1	27	45
ATGCATGATCCAGGAT-1	25	65
ATGCCAATCGCTCTGC-1	15	105
ATGCCATTTGCGACCA-1	43	91
ATGCCGGTCTTGCATA-1	31	75
ATGCCGGTTGATGGGA-1	19	83
ATGCGACAATTGGTCC-1	13	109
ATGCGACAGTCCCATT-1	35	71
ATGCGAGTCCCACCAC-1	48	104
ATGCTCTGGCGCGGTA-1	60	76
ATGCTTAGGAGTTGAT-1	56	112
ATGGAACAGAATAAAC-1	2	114
ATGGAACCTTTGCACA-1	38	120
ATGGAGCAGGCCGTGA-1	36	66
ATGGATCCGGCGTCCG-1	19	79
ATGGATTGACCAAACG-1	27	61
ATGGCGGAATAGTCGC-1	34	124
ATGGCTGGAAATGGCC-1	9	93
ATGGGAACGGAAGCGG-1	4	88
ATGGGCCTCGGCCTCT-1	45	91
ATGGTCGCGTGGTTTC-1	45	85
ATGGTTACGAAACATG-1	6	116
ATGTAAGGCTGCTCTT-1	32	112
ATGTACATGCGGTGAG-1	64	112
ATGTACGATGACGTCG-1	66	64
ATGTGCATCCGACGCA-1	23	57
ATGTGGACATCTTGAT-1	47	71
ATGTTGATTAGAGACT-1	68	92
ATGTTTCGGCCCGGAG-1	33	125
ATGTTTGTAAGATCAT-1	2	104
ATTAAACATGCGGACC-1	43	59
ATTAATACTACGCGGG-1	22	66
ATTAATGAACCAGTCG-1	23	79
ATTACAACTACCGGCC-1	11	87
ATTACATGTCAGTCTT-1	50	108
ATTACCACACTGCCTG-1	48	118
ATTACGACTCCACAGT-1	19	121
ATTACGCGCTGGCAGG-1	40	30
ATTACTTACTGGGCAT-1	22	100
ATTAGATTCCTCAGCA-1	25	105
ATTAGGCGATGCTTTC-1	37	71
ATTATAGCTACTTTAC-1	33	115
ATTATGCTCAGTATTG-1	4	122
ATTCAACCATTTAAGG-1	58	100
ATTCACTGATGTTGGA-1	56	68
ATTCAGATGAATCCCT-1	1	111
ATTCAGGACCTATTTC-1	20	98
ATTCAGGATCGCCTCT-1	1	87
ATTCATATACTGTCCA-1	46	60
ATTCATCGTTGAGGCA-1	61	89
ATTCCTAAGACGTGGA-1	15	107
ATTCCTCCGCCAGTGC-1	23	39
ATTCGCAGAGGACACT-1	14	126
ATTCGTGCTATCTCTT-1	42	110
ATTCTGAGTATGAACT-1	6	86
ATTCTTCGTACTTATG-1	9	87
ATTGAAGATCTTAGTG-1	31	49
ATTGACCGGCGATGAC-1	20	114
ATTGATGAGTCCTAAC-1	33	99
ATTGCCTTTATGTTTG-1	64	84
ATTGCGATCAGTAACT-1	51	99
ATTGCTGCTCCTCCAT-1	35	43
ATTGGATTACAGCGTA-1	54	102
ATTGGGAGTTCTGTAA-1	8	114
ATTGTACAACTCGGCT-1	35	103
ATTGTCGCAATACCTT-1	15	85
ATTGTGACTTCGCTGC-1	11	109
ATTGTTCAACGATCCG-1	53	123
ATTTACAGTTTACTGG-1	30	38
ATTTACTAAGTCCATT-1	31	111
ATTTCCGGGTTCTGCG-1	55	35
ATTTGCGCGAGTAGCT-1	53	31
ATTTGTCTTGGGAGCT-1	40	84
ATTTGTTCCAGGGCTC-1	19	71
CAAACGAGTATCGCAG-1	47	47
CAAACGGTCGCACTTT-1	30	40
CAAACGTGGTCTTGCG-1	4	78
CAAACTACGATAGAGA-1	12	84
CAAACTCGCGACGCCG-1	45	111
CAAAGGTCATCTGAAA-1	46	124
CAAAGGTTAAATTCAG-1	5	115
CAAATGTCCTTCCGTG-1	45	53
CAAATTGGATTATGCC-1	22	116
CAACACATCTCCTGCC-1	32	120
CAACAGAATAACGCTA-1	1	93
CAACCAGTGGCCTACC-1	61	115
CAACCTACCGAGCAGT-1	61	103
CAACCTGAACCTGCCA-1	25	123
CAACGTGGTGGAGTCT-1	55	113
CAACTCCAACGTTTAG-1	4	86
CAACTCCGTAACTTGC-1	13	119
CAACTGAGGGTATGAC-1	10	120
CAACTGCTCATCCGAT-1	59	55
CAAGAAACCCTAAACT-1	7	121
CAAGACTCAGAAGCGC-1	30	126
CAAGAGGGCGGAGTAC-1	46	74
CAAGATATTATAACGT-1	45	89
CAAGCAACGTCGGAGT-1	32	38
CAAGCGGCACATAATT-1	54	72
CAAGGATCGCATGTTC-1	40	68
CAAGGTCCTATAGGCT-1	34	110
CAAGTGTGGTTGCAAA-1	40	94
CAATAAACCTTGGCCC-1	26	74
CAATACGAGAGTCTGA-1	44	120
CAATATGTAGATTTAC-1	5	105
CAATATTCTTGACCTA-1	54	40
CAATCCATTATCCGTT-1	0	100
CAATCCCTATACCAGC-1	12	88
CAATGAGGTTCGACTA-1	29	119
CAATGCGAGAAGTATC-1	54	82
CAATGGAATCTACATA-1	9	91
CAATGGATCTCTACCA-1	28	86
CAATGTGCCAACCCTT-1	37	115
CAATTAAGGGTGATGA-1	29	65
CAATTTCGTATAAGGG-1	37	63
CACAAGAAAGATATTA-1	14	112
CACAATGAGCTGCTAT-1	42	50
CACACACGCTAACGAG-1	55	103
CACACAGCTTGCGCTC-1	47	115
CACACGCGCTGTCTTA-1	33	89
CACACGTTTCAATGGG-1	5	89
CACACTTGTATTGCGA-1	10	116
CACAGCACCCACGGCA-1	31	59
CACAGCTAGGGAGTGA-1	20	60
CACAGGGCCATATAGT-1	57	97
CACAGGGCCGTTGTCA-1	62	60
CACAGTCCCGCTTCGC-1	60	112
CACAGTTCGCTTCCCA-1	54	114
CACATATTAGCAGGAT-1	47	73
CACATCTCACCGACGA-1	57	75
CACATGATTCAGCAAC-1	38	64
CACATTCTTTCGATGG-1	18	90
CACATTTCTTGTCAGA-1	44	108
CACCATGATCGCAAAG-1	12	114
CACCCAAATCTTATGT-1	35	105
CACCCACGAGGCAATT-1	20	86
CACCCGGTTTGTGACT-1	53	39
CACCCTAACAAGATCT-1	56	80
CACCGATACACCGAGC-1	10	84
CACCGCCAGAAGGTTT-1	27	59
CACCGCGTCCACTCTA-1	16	104
CACCGGAGATATCTCC-1	7	93
CACCGTATCCCATCCG-1	52	104
CACCGTTAGGGATCAC-1	53	37
CACCGTTGCGCGATAT-1	47	29
CACCTAATCAGTTTAC-1	20	72
CACCTCTACGAGTGTG-1	0	118
CACCTTGCGAAACTCG-1	24	84
CACCTTGGCGCCTTTG-1	43	103
CACGACCACAGACTTT-1	1	99
CACGACGTAATAGTAA-1	6	106
CACGCACAGCGCAGCT-1	24	72
CACGCAGCGAGGCTTT-1	31	43
CACGCGGAACTGTTGC-1	42	98
CACGGACGTGGATGGC-1	23	123
CACGGCGCGCCAAAGG-1	15	103
CACGTCAATCAATGGA-1	62	116
CACGTCGGCAACCTCT-1	49	37
CACGTCTATGATGTGG-1	7	95
CACGTTCGTGCTCTAG-1	37	81
CACGTTTCGTACACAC-1	55	91
CACTAAAGTTGCCTAT-1	35	51
CACTACGGGAGCTGCC-1	59	107
CACTCAAGAGCTATGG-1	39	57
CACTCCTATGTAAGAT-1	56	36
CACTCCTCTCGGTCGG-1	15	87
CACTCGAGCTGAACAA-1	48	74
CACTCTTCTGCTAGCC-1	59	101
CACTTAATCAGACGGA-1	34	48
CAGAACTTAGCCCTCT-1	53	85
CAGAATAACACACGGA-1	55	111
CAGAATATTCGTTATC-1	50	124
CAGACACCGATCGCTG-1	53	51
CAGACCTGTAAGTGTT-1	31	99
CAGACGAACCTGATAC-1	50	50
CAGAGACGGTCACCCA-1	51	57
CAGAGCATGAGCTTGC-1	26	70
CAGAGGCGATGCATGA-1	54	48
CAGATACTAACATAGT-1	26	46
CAGATCATTTAAAGTC-1	22	108
CAGCAGCCCGTTCCTT-1	28	78
CAGCAGTCCAGACTAT-1	50	100
CAGCAGTCTGTGCTGC-1	62	74
CAGCCGGGCCCTCTAT-1	11	85
CAGCCTCCTGCAGAGG-1	23	77
CAGCCTCTCCTCAAGA-1	15	95
CAGCGATTCCCTTCAA-1	53	43
CAGCTCACTGAGACAT-1	33	59
CAGCTCGACAAGTTAA-1	28	90
CAGGAAGACTTTATAT-1	13	85
CAGGACAGCTGCCCTT-1	35	127
CAGGATATATCGTTGT-1	44	60
CAGGCAGTCTTACCAG-1	65	85
CAGGCCGTTTGGGTGT-1	39	43
CAGGCGCCATGCTAGG-1	49	73
CAGGTTTAGTACTACA-1	13	125
CAGTAACTATTTATTG-1	19	101
CAGTACATTCTCTAAA-1	20	102
CAGTAGCCCACGCGGT-1	25	91
CAGTCCAACGCCTTCT-1	8	120
CAGTCGAGGATGCAAT-1	25	99
CAGTCTGTATACTGGG-1	42	66
CAGTGAATAAATGACT-1	25	83
CAGTGTCGGCTGGCCC-1	52	92
CAGTTCAAATTGACAC-1	29	51
CATAACGGACAGTCGT-1	36	94
CATAAGAAGCTTGGCT-1	58	72
CATACACGGTTCCCAC-1	61	55
CATACCCGTACCCAGT-1	37	31
CATACGGCGTCTGGGC-1	39	63
CATACTATGTAATTGT-1	36	48
CATACTTAGGCAATAC-1	37	113
CATAGCGTTGCCCACC-1	54	42
CATAGTCAAATACATA-1	65	93
CATAGTCCACAAGAAC-1	45	31
CATATACTACTGATAA-1	18	102
CATATAGGTACAGTCA-1	43	55
CATATGTCAGGCTACG-1	48	24
CATATTATTTGCCCTA-1	9	79
CATCAAACTGGCGCCC-1	15	117
CATCATTACCCTGAGG-1	52	94
CATCCTCTCAAAGATC-1	54	92
CATCGGACGGGTTAAT-1	42	58
CATCTACCCGAGAACG-1	6	112
CATCTAGTGAAGGGAA-1	45	121
CATCTATCCCGTGTCT-1	18	100
CATCTTACACCACCTC-1	37	99
CATGACTTCGCTGAAT-1	40	106
CATGAGATGCACTCTC-1	59	79
CATGATGCACAATTCT-1	21	69
CATGATGGAAGTTAGC-1	45	103
CATGCACGTGTTACTG-1	3	91
CATGCGACCAGTTTAA-1	26	98
CATGGAAATGGGACCA-1	6	104
CATGGATTGTCTTCCG-1	55	101
CATGGGTATGCCTTAT-1	56	82
CATGGGTCGGGTGTGG-1	21	85
CATGGTAAGTAGCGTT-1	45	73
CATGGTCTAGATACCG-1	26	66
CATGTAAGAGACATTT-1	54	90
CATGTAGGAGCGCCAA-1	15	111
CATGTCTCATTTATGG-1	49	85
CATTACATAGATTGTG-1	27	117
CATTACGTCGGCCCGT-1	19	65
CATTATGCTTGTTGTG-1	26	52
CATTCCCATTCCGTCG-1	32	118
CATTGATGAACACGCC-1	23	119
CATTGCAAAGCATAAT-1	1	83
CATTGCGGGTCAATTC-1	25	115
CATTTAGCGGACCATG-1	25	85
CATTTATCGTTCAAGA-1	5	77
CATTTGAGTGGTACGT-1	50	48
CCAAACAGAACCCTCG-1	22	48
CCAAATAACAAGATTC-1	51	113
CCAACGATGCACTGAT-1	31	37
CCAACGCTTGCCAGGG-1	10	100
CCAACTTGATAGATCC-1	47	123
CCAAGAAAGTGGGCGA-1	52	52
CCAAGACTTCTGCGAA-1	20	62
CCAAGCGTAACTCGTA-1	33	71
CCAATAGTGCCGTCGA-1	34	42
CCAATCGGTAGATCGA-1	14	84
CCAATGTCACAGCAAG-1	37	49
CCAATTACGGGTCGAG-1	19	93
CCACAATGTACGTCTT-1	29	85
CCACACTGAGATATTA-1	39	49
CCACAGTACCCATCCT-1	48	92
CCACATACTGCACCCA-1	52	118
CCACCAACTTTACTGT-1	52	40
CCACCCAAGGAAAGTG-1	37	75
CCACGAATTTAACCTC-1	41	109
CCACGGAGCCATAAGA-1	47	27
CCACGGTGCCCGGTAG-1	35	107
CCACGTAAATTAGACT-1	34	122
CCACTATCCGGGTCAC-1	30	116
CCACTGTTTGGATTAA-1	58	106
CCAGAAAGCAACTCAT-1	52	36
CCAGATAGTTGAGTGA-1	28	84
CCAGATGTAAATGGGT-1	19	123
CCAGCCTGGACCAATA-1	37	65
CCAGCGGGATCACCAG-1	32	124
CCAGCTCGAACGCATT-1	63	65
CCAGGCTGGCGTCTGA-1	56	122
CCAGGGACGTGGCCTC-1	27	53
CCAGTAGTCTGATCCA-1	27	91
CCAGTCTAGACGGCGC-1	24	86
CCAGTCTTGTCATAGA-1	59	59
CCATACCTTTACTTGT-1	30	102
CCATATGGAAACTATA-1	53	103
CCATCATAAGAACAGG-1	1	109
CCATCGCAGTTAAACT-1	50	62
CCATCTCACCAGTGAA-1	38	98
CCATGCCCTAGATTTC-1	56	98
CCATGCCTGTTTAGTA-1	35	53
CCATTAGCGATAATCC-1	32	42
CCATTCCCTGCCCACA-1	33	39
CCATTGTTTCCTCCAT-1	29	123
CCATTTCTACCTATTA-1	55	71
CCCAAACATGCTGCTC-1	34	88
CCCAACATACGTCGCG-1	43	35
CCCAAGAATGCACGGT-1	2	88
CCCAATTTCACAACTT-1	39	33
CCCAGAGGAGGGCGTA-1	21	105
CCCAGGTCTGAAGGCT-1	53	111
CCCAGTTAAGGCGCCG-1	42	82
CCCGACCATAGTCCGC-1	20	74
CCCGAGTTTCTCCGTA-1	48	108
CCCGATAGCCTCGCCT-1	37	127
CCCGCAGCGCGAACTA-1	49	67
CCCGCAGGGCCCAAAG-1	11	79
CCCGCTAGAGGGTTAA-1	0	82
CCCGGGTCGTTCAGGG-1	65	57
CCCGTAAGTCTAGGCC-1	40	28
CCCGTAGCTGGGAAGA-1	57	39
CCCGTCAGCGTCTGAC-1	23	51
CCCGTTTCGCAGATGT-1	52	106
CCCTCCTCGCTCGTAT-1	50	106
CCCTGAAATGAGTTGA-1	31	39
CCCTTTAATGGAGTTC-1	63	109
CCCTTTGACAGGTCTT-1	50	56
CCGAACCTTCCCGGCC-1	49	71
CCGAAGGGCGTACCGC-1	29	125
CCGACAATAGGCCGCC-1	57	111
CCGACGTAAACACAAC-1	13	97
CCGAGAAGTCGCATAA-1	46	112
CCGAGCTGTGCTTGTC-1	18	112
CCGATATGACGTAAGG-1	55	127
CCGATCTCAACCTTAT-1	37	101
CCGATCTTAAGAGGCT-1	10	122
CCGATTGGTCAATGAA-1	2	98
CCGCACAAAGACCAAC-1	36	76
CCGCACACGAACGTGT-1	45	123
CCGCATGTGGTACGAT-1	56	66
CCGCCGTTGAGGATAA-1	45	119
CCGCCTGCGAATTGGT-1	15	97
CCGCGGAATGCGTCAC-1	51	45
CCGCTATCAGCACCAG-1	45	63
CCGCTCTTCCGAACTA-1	63	99
CCGCTTACCTCACTCT-1	47	35
CCGCTTGCTGACATGG-1	27	113
CCGGAAGTTATCAGTC-1	49	127
CCGGAGCGTACTTTCT-1	58	56
CCGGAGGTCTTATGGT-1	18	118
CCGGCACGACCGTTTC-1	35	111
CCGGGCGGTCTCGTCA-1	32	76
CCGGGCTGCTCCATAC-1	36	86
CCGGGTTCGAGGTTAC-1	38	32
CCGGTAATGGCTAGTC-1	38	114
CCGGTTTGTAATTGTG-1	56	42
CCGTAAGTTGGTCCCA-1	33	77
CCGTAGGAAATCCCTG-1	60	96
CCGTAGGGTTGTTTAC-1	60	104
CCGTATTAGCGCAGTT-1	17	111
CCGTGAGGCATTCATG-1	36	120
CCGTGGAACGATCCAA-1	24	106
CCGTGTTAAATTCCAT-1	48	36
CCGTTACGTTAGAACA-1	20	88
CCTAAAGGCTGACGCT-1	14	82
CCTAAATTAACGGTTC-1	42	68
CCTAAATTGTATCCTA-1	52	114
CCTAACCCAAACAAGT-1	49	89
CCTAACTAAGGCTCTA-1	21	93
CCTACAAGTCCGGAAT-1	9	105
CCTACATTCACAGACG-1	51	33
CCTACGCGACCTTACA-1	3	93
CCTACTGCGGCGGCCA-1	22	126
CCTACTGCTTACACTT-1	27	49
CCTAGGCGTAGCGATC-1	36	88
CCTATAATGAGTGCCC-1	55	81
CCTATACCGTCCTGTC-1	55	45
CCTATATTTGTCCTGG-1	62	52
CCTATCTATATCGGAA-1	19	77
CCTATGAAGTGGTGCC-1	37	111
CCTATGGGTTACCGTC-1	29	69
CCTATGTCCACTCCAC-1	62	92
CCTCACCTGAGGGAGC-1	28	102
CCTCACCTTAGCATCG-1	27	97
CCTCACGTCAGCTAAT-1	60	122
CCTCCTGTTGTGTCGT-1	62	96
CCTCGCGCGATATAGG-1	21	95
CCTCGCGCTGTGCGAT-1	57	59
CCTCGGACCGGGATAG-1	41	85
CCTCGTTACGCCTGTT-1	5	109
CCTCTAATCTGCCAAG-1	23	73
CCTCTCTCCCATCTAG-1	34	36
CCTCTGTACTATTCTA-1	53	61
CCTGAACGATATATTC-1	37	85
CCTGAATATTTACATA-1	23	71
CCTGACCACCGATGGT-1	45	61
CCTGACGCAACCTTTA-1	3	87
CCTGCTATTTGAGAAG-1	26	50
CCTGGAAACGTTCTGC-1	39	113
CCTGGCTAGACCCGCC-1	29	43
CCTGGTCGAATGTGGG-1	59	69
CCTGTAAGACATGATA-1	37	41
CCTGTCACCCGGGCTC-1	29	67
CCTGTCCCTCACGTTA-1	36	114
CCTGTCGCCCGTAAAT-1	36	62
CCTGTGCGGATTGTAA-1	3	99
CCTGTTTGAAGACACG-1	58	94
CCTTCTTGATCCAGTG-1	19	73
CCTTGACCACTTTATT-1	55	109
CCTTTAAGGGAGCACT-1	58	50
CCTTTCAATGAAGAAA-1	25	95
CGAAACGCAATTCATG-1	41	33
CGAACAGTATGGGCGT-1	50	96
CGAACATAGTCAGAAA-1	9	115
CGAACCCGCATGCGTC-1	49	49
CGAAGCTATAAATTCA-1	19	105
CGAATGACGCATAATG-1	63	57
CGAATTACATGGTGTT-1	2	94
CGACAATTTGATCTAA-1	43	95
CGACACCGCTTAAGGA-1	10	118
CGACACGCTCCGACAG-1	46	94
CGACACGGATGCCCAC-1	7	127
CGACAGTTCGCGTTAT-1	36	42
CGACTCAGGATGTTAT-1	23	89
CGACTCGGTACACGGT-1	11	123
CGACTTTGTATAGCCT-1	33	109
CGAGACCCTAGAGTGT-1	43	61
CGAGAGATGTGAACCT-1	29	73
CGAGAGCTTTCACTAC-1	64	88
CGAGAGGGTAGCCGCG-1	56	104
CGAGATTTCGCTCGGG-1	42	116
CGAGGAGCTTCCATAT-1	23	117
CGAGGATCGGGAACGA-1	28	118
CGAGGCTAAATATGGC-1	29	71
CGAGGGACTGCGGTCG-1	38	78
CGAGGGTATCCAGGTG-1	64	60
CGAGTACTAAAGAGGA-1	45	35
CGAGTTCTGTCCCACC-1	27	85
CGAGTTTATCGGACTG-1	37	93
CGATAACCAATTTGAG-1	6	124
CGATAATACTCAGGTT-1	43	117
CGATACCTCGCGGACA-1	40	48
CGATAGTCGTACTGCA-1	66	88
CGATCATTAGAGGCAC-1	12	122
CGATCCGACCCAGTGC-1	38	50
CGATGGACCCTACGCC-1	22	96
CGATTAAATATCTCCT-1	56	62
CGATTCGCCTGGCTGC-1	57	73
CGCAAACACGAGTTAC-1	27	37
CGCAATTAGGGTAATA-1	28	44
CGCACATGTCCACTAC-1	39	87
CGCACGTGCGCTATCA-1	39	99
CGCAGATCTTCACCCG-1	25	113
CGCAGGCGATCCAAAC-1	52	102
CGCATCATGGCTTCAG-1	9	85
CGCATCCATCAGCCAG-1	28	116
CGCATGCCGAATGCGT-1	67	89
CGCATGGTGCGATGCT-1	40	66
CGCATTAGCTAATAGG-1	27	57
CGCCATCCGATTATGA-1	24	80
CGCCCAGCACGCCTAG-1	59	51
CGCCCAGCGTTTCACG-1	65	89
CGCCCGCTTCCGTACA-1	18	80
CGCCCTTACATCCACC-1	0	98
CGCCGCCCATGCCTGT-1	39	83
CGCCGGTGTCGCAGTA-1	9	127
CGCCGTCTACCCATCG-1	38	122
CGCCGTTCAGCATAGT-1	58	104
CGCCTCCCTCCTCTAT-1	43	73
CGCCTGGCCTACGTAA-1	41	27
CGCCTTTAGCATGCTC-1	45	117
CGCGAAGTGGCATACT-1	64	96
CGCGACCGCGACAGAT-1	59	81
CGCGAGAGGGACTTGT-1	16	108
CGCGCATGTTTGATTG-1	50	54
CGCGCCCGACTTAATA-1	21	75
CGCGGCTCAACTTGAA-1	43	97
CGCGGGAATTAGGCAG-1	28	80
CGCGGTAAGTCTAGCT-1	30	118
CGCGGTACGGTATACA-1	62	118
CGCGGTCACAAACCAA-1	18	106
CGCGTACATTCTGGAA-1	6	120
CGCGTTCATGAAATAC-1	27	51
CGCTACGGGACATTTA-1	38	48
CGCTAGAGACCGCTGC-1	39	101
CGCTATCGTGGCTTTA-1	4	126
CGCTATTCTTAGGCTC-1	38	60
CGCTCTCCGTAGATTA-1	33	37
CGCTGGTGACTACCCT-1	48	98
CGCTGTGACGCCGCAC-1	25	47
CGCTGTGTGGATGTTG-1	59	43
CGCTTATTCCCGGTCG-1	42	30
CGCTTTCTTGCATTCG-1	31	85
CGGAAAGAATCAAACG-1	58	48
CGGAAATTTCACATCC-1	4	82
CGGAACGTAAACATAG-1	47	45
CGGAGCAATTTAATCG-1	54	60
CGGAGCATGGCGATCC-1	39	67
CGGAGCTTATAACACC-1	10	86
CGGAGTCCTAACCTGG-1	0	102
CGGAGTTTGAGAGACA-1	30	34
CGGATCCTCAAGGACT-1	60	80
CGGCAAACATCGTGCG-1	52	66
CGGCAATAAGATCGCC-1	54	108
CGGCACCGTTAGCGCC-1	11	89
CGGCAGGGTCGGGTTG-1	32	94
CGGCCACGCACAAAGT-1	35	59
CGGCCCAACCTGTAGT-1	28	112
CGGCCCAGGTATATCC-1	43	105
CGGCGCCATCAATCCC-1	59	93
CGGCTCTAAAGCTGCA-1	46	110
CGGCTCTTCGTCGAAC-1	8	86
CGGCTGAAGGTTACGC-1	1	117
CGGGAATATAGTATAC-1	47	105
CGGGAATTTATGTAAA-1	45	65
CGGGAGCTTCAGTGTA-1	49	91
CGGGATCAATGTAAGA-1	23	59
CGGGCAGCTAAACCGC-1	32	56
CGGGCCTTCTTTGTAA-1	41	55
CGGGCTACTTAAATTG-1	5	121
CGGGTGTACCCATTTA-1	32	86
CGGGTTCGGCACGTAT-1	7	107
CGGGTTTGTTAGGGCT-1	56	114
CGGTACTAGAATCAAA-1	43	83
CGGTAGAGGTGCAGGT-1	22	92
CGGTATAGGTATTAGC-1	11	99
CGGTCAAGTGGGAACC-1	26	80
CGGTCAGTCCATATTT-1	58	126
CGGTCCATGAGACTCC-1	20	118
CGGTCCGTCGCAAGCC-1	63	51
CGGTCTATCAACCCGT-1	18	82
CGGTGCAGATAGAACG-1	42	36
CGGTGCGCGTTGGTCC-1	49	39
CGGTGGGCTCCAGCCT-1	15	99
CGGTTATCCAACAGTG-1	30	98
CGGTTCAAGTAGGTGT-1	24	98
CGGTTGGGTTCAAGTT-1	8	100
CGGTTTATGAAGGAAC-1	10	104
CGTAACGGAACGATCA-1	1	121
CGTACCTGATAGGCCT-1	22	68
CGTAGAGAGTAATTAT-1	67	87
CGTATTAAGAGATCTA-1	32	54
CGTATTGTTTCCTAAT-1	23	125
CGTCAAATGGTCGCAG-1	20	124
CGTCACGTCCATTGGT-1	47	51
CGTCGCATGTGAGCCA-1	65	77
CGTCGGATAGTGTTGA-1	34	96
CGTCGTCCTTCGCGAA-1	56	76
CGTCTCTCGCCGAGGC-1	5	127
CGTCTTGAGTGTGACG-1	41	125
CGTGAAGTTAATTCAC-1	40	56
CGTGACATTGGGTCGT-1	15	83
CGTGACCAGTCCTCTG-1	63	55
CGTGCAGACTGGGACA-1	40	74
CGTGCATTGTCGACGC-1	39	31
CGTGCCCTCCCGAAGA-1	43	77
CGTGGAAGCCTCGTAC-1	48	120
CGTGGCCGAATATCTA-1	47	101
CGTGTATGGGAGCTGA-1	65	111
CGTGTCCCATTCGCGA-1	28	40
CGTGTGTTAAACCCTG-1	32	116
CGTTAAACTAGTTAGG-1	49	111
CGTTAATGTCCCGACG-1	59	87
CGTTAGCTCACAACTG-1	14	90
CGTTCAGACCCGCGAA-1	65	61
CGTTCTTCGCACACCT-1	19	109
CGTTGAATACCGCGCT-1	57	77
CGTTGAGCGACCGTCG-1	44	74
CGTTGAGTAATTGCGT-1	11	101
CGTTGTAAGATTGATT-1	26	108
CGTTGTCGGCAATTGA-1	64	66
CGTTGTTTCAATTCCC-1	34	40
CGTTTACAAGGCAGCT-1	21	117
CGTTTCACTTCGGGCG-1	18	92
CGTTTCGCTCATTACA-1	35	49
CGTTTGTGTAGAGGGT-1	55	41
CTAAAGAATGCCTACT-1	36	36
CTAAAGGGAAATAGGA-1	44	62
CTAAATCCTATTCCGG-1	26	84
CTAACCGCGCGCCCGT-1	37	35
CTAACGAAACTTGCTG-1	30	94
CTAACTGATAATCGCC-1	58	102
CTAACTGGTCCGGTTC-1	50	36
CTAAGGGAATGATTGG-1	44	72
CTAAGTACAGGGCTAC-1	6	102
CTAATTATGAAGCGTA-1	11	121
CTAATTCTCAGATATT-1	27	105
CTACAAGAAATAACCC-1	58	40
CTACACTCGCAGATGG-1	57	101
CTACCCTAAGGTCATA-1	31	91
CTACGCACGGAGTACC-1	35	57
CTACGCCATTTCCGAT-1	12	80
CTACTATCTTTCAGAG-1	29	93
CTACTGCCACCTGACC-1	27	63
CTAGACATATATGTAG-1	8	108
CTAGACTGCATTTCGT-1	10	96
CTAGATGTGAGTGTAA-1	33	103
CTAGATTTACGACGGC-1	42	74
CTAGCATAGTATAATG-1	34	66
CTAGCCACAGGCGAGC-1	59	117
CTAGCCGATGTTATGA-1	23	101
CTAGCGCCAATCCTAC-1	0	114
CTAGCTTAATGGTCCC-1	47	125
CTAGGCGCCCTATCAG-1	51	91
CTAGGTCTGAAGGAAT-1	36	104
CTAGGTTCGGACGTGA-1	58	70
CTAGTAGAAAGGGATT-1	63	81
CTAGTCACGTCTTAAG-1	37	69
CTAGTGAAGGACAGGA-1	34	38
CTAGTTACAACCCGGT-1	53	67
CTAGTTGGGCCCGGTA-1	26	68
CTATAAGAGCCAATCG-1	26	100
CTATCGACGAAATACA-1	53	93
CTATCGCGTAGAGAAC-1	58	118
CTATCGGGTCTCAACA-1	35	69
CTATGCCCGAATGCAA-1	63	59
CTATGGGAAGCGGAAT-1	54	104
CTATGTCACTAGCCCA-1	30	66
CTATTCATGTGTCCCA-1	52	62
CTATTGTGTTTGGTCA-1	13	101
CTATTTGGTTACGGAT-1	36	82
CTCAACTAACCCGGAT-1	63	85
CTCAAGACATTAGCGC-1	14	102
CTCACACGCAAGCCTA-1	18	122
CTCACATTTACTAAAT-1	62	68
CTCACCGATCCAAACT-1	8	118
CTCACTGTGATACTTA-1	63	75
CTCAGCAGACTGCCGA-1	2	112
CTCAGTCACGACAAAT-1	24	96
CTCATCACTTAGTGAT-1	28	124
CTCATGGTAATTTGCG-1	50	26
CTCATTAACGTTGCCC-1	29	127
CTCATTGCTCTAACAA-1	60	78
CTCATTTGATGGGCGG-1	22	62
CTCCCAATGAGTCGCG-1	51	115
CTCCGAGTAAATCCGC-1	1	123
CTCCGCCCACATGAGG-1	43	39
CTCCTCCAGCTCACAC-1	62	50
CTCCTGTTCAAGGCAG-1	55	117
CTCCTTTACGCAAGTC-1	23	109
CTCGAATGGAACGTAT-1	6	100
CTCGAGGTCGAACAGT-1	29	59
CTCGATATTTGCGAGC-1	23	99
CTCGCACCTATATAGT-1	24	68
CTCGCCGAATGTAGGG-1	60	64
CTCGGGATAACACCTA-1	31	121
CTCGGTACCACTGCTC-1	41	81
CTCGTTTCTAATGTTT-1	22	104
CTCTAATGCATTGATC-1	24	110
CTCTAGCCCTCGGAAA-1	66	90
CTCTATTTGGCTGCAG-1	48	68
CTCTCACAATCGATGA-1	32	70
CTCTGGACGCCTGGTG-1	32	62
CTCTTCTATTGACTGG-1	46	100
CTCTTGTCCCGCTTGG-1	54	58
CTGAAACGGCCCTCAG-1	5	119
CTGAAAGAGATCCGAC-1	19	69
CTGAATCCGAGACCTC-1	47	53
CTGAATTTATTGCCAG-1	22	106
CTGACATAGAAATAGA-1	51	119
CTGACTGCGCAGCTCG-1	31	101
CTGAGAAAGTTCGGCG-1	49	117
CTGAGCGAGACTTATT-1	31	125
CTGCAAGCACGTTCCG-1	61	111
CTGCACAACTACATAT-1	50	76
CTGCACCTAGTCCACA-1	29	117
CTGCACTCCAGTACAG-1	54	70
CTGCAGAGAATCAGAG-1	61	101
CTGCCAAGGTTGGAAG-1	21	77
CTGCCATGCATCACAT-1	40	62
CTGCCTAGCCACCAAG-1	8	80
CTGCCTCATATGCAAC-1	33	121
CTGCCTTTCTAGTAAA-1	63	93
CTGCGGTAGTCACGTG-1	10	92
CTGCGTTACGATATAA-1	16	90
CTGCTGAGGCCACGAA-1	49	35
CTGCTGTCTAACGAGC-1	49	119
CTGCTTGGCGATAGCT-1	53	75
CTGCTTTATGTCCGCG-1	20	112
CTGGAAATGGATGCTT-1	29	53
CTGGAAGACACGGTGG-1	50	88
CTGGATTTACACTTGA-1	49	55
CTGGCATCCGAATGAG-1	48	26
CTGGCGACATAAGTCC-1	17	81
CTGGCGCACAGGTCTG-1	37	89
CTGGCTGATTCATCCT-1	44	96
CTGGCTGGTTGTCAGT-1	54	56
CTGGGATAAATAATGG-1	38	84
CTGGGATACGCTACCC-1	37	117
CTGGGCACTAGTCGGA-1	1	97
CTGGGCCTGCTATATC-1	44	30
CTGGGCTATCCTTTGG-1	6	108
CTGGGTAGGCAGTTAA-1	43	79
CTGGTAAAGTGTGGGC-1	60	114
CTGGTAACACATAGAA-1	42	88
CTGGTAACGAGCTCTT-1	29	97
CTGGTTCGCGAGCTAC-1	42	124
CTGGTTTCGAGCAAGA-1	46	88
CTGTACTTCTTAGCAT-1	39	51
CTGTAGCCATCTCACT-1	56	46
CTGTCAAATGGCTCGG-1	23	83
CTGTCACGCCAGGCGC-1	10	98
CTGTGCAGGGTAGGTC-1	42	70
CTGTGGTCGGGAGATA-1	55	89
CTGTTACCCAATCTAG-1	48	58
CTGTTCACTGCCTGTG-1	22	56
CTTACACGGTATTCCA-1	31	45
CTTAGCCTTCCACATG-1	22	78
CTTAGGTCCCAATCGT-1	23	127
CTTAGTAGGCCTACAG-1	32	102
CTTAGTGTAGTAGCAT-1	61	83
CTTATAGATGGCTGTT-1	61	119
CTTCAACTCCACTTGG-1	59	77
CTTCATTGTCAGTGGA-1	36	60
CTTCCGCTCCGTGAAG-1	56	50
CTTCCTGCATATTTAC-1	4	104
CTTCGATTGCGCAAGC-1	68	88
CTTCGGCCAATTGTTT-1	50	110
CTTCGTAGATAGGTGA-1	39	45
CTTCTATGTTGAAGTA-1	46	28
CTTCTATTAATGCTAG-1	51	47
CTTGAGTTAGGGTAAT-1	39	93
CTTGCCCAGGCTCTAC-1	45	55
CTTGGCCAAGCTGGGA-1	61	57
CTTGTCAACATTCGAG-1	50	66
CTTGTGCTCACCGATT-1	22	94
CTTGTTGCTGAGTCAA-1	38	80
CTTTAACTTTCAAAGG-1	23	67
CTTTAATATTGGTCGA-1	51	73
CTTTACCGAATAGTAG-1	50	84
CTTTAGGAACACTGTT-1	41	87
CTTTAGTGCTATTATT-1	44	64
CTTTCTGTGCGGGCTT-1	54	66
CTTTGAAACATATTCC-1	0	96
CTTTGCATCGCTCTTG-1	60	94
CTTTGCTGTCATGGAT-1	48	122
CTTTGGCAGACAGAGT-1	5	113
CTTTGGCTTTAGTAAA-1	32	40
GAAACAGATGACCACC-1	40	92
GAAACCATGGTGCGCT-1	27	109
GAAACCGAATTACCTT-1	45	51
GAAACCTATACAAATG-1	60	52
GAAAGAACAGCGTTAT-1	37	103
GAAAGCAGTGCACTTT-1	56	54
GAAATACCTGCTGGCT-1	7	85
GAAATATGCTTGAATG-1	16	110
GAAATGGCGGTGTTAG-1	30	52
GAAATTAGCACGGATA-1	18	96
GAAATTGTCTCTATAA-1	43	53
GAACAACTGGGATGAA-1	67	85
GAACACACATCAACCA-1	22	50
GAACAGATTACTAAAT-1	57	71
GAACATTAGTATGTTA-1	14	122
GAACCCTCTGTGTTCT-1	59	67
GAACCTTTAACGATCC-1	63	79
GAACGACCGAATGATA-1	19	63
GAACGATAAGTTAAAG-1	27	123
GAACGCGGGTCACACG-1	48	114
GAACGGTGTAAAGCAG-1	4	110
GAACGTCTCATGGTCG-1	31	87
GAACTTAGCGCCCGGT-1	5	101
GAACTTGTGCACGGGA-1	18	124
GAAGCCACTGATTATG-1	65	69
GAAGCCTGCACATTCC-1	61	61
GAAGCGTGAGGAATTT-1	34	60
GAAGCTTGCTGACCGC-1	29	35
GAAGGAGTCGAGTGCG-1	66	60
GAAGGCTACCATTGTT-1	25	119
GAAGTCAGTTGCACTA-1	52	58
GAAGTCTCCCTAGCGA-1	37	91
GAAGTGATTTATCGTG-1	39	47
GAAGTTTCCACTCAAT-1	36	46
GAATAGACGCGACCCA-1	42	92
GAATAGCATTTAGGGT-1	46	118
GAATAGCCCTGCGGTC-1	18	110
GAATATTCGGAGTCCC-1	13	83
GAATCGACATGGTCAC-1	26	42
GAATCTATACTCGGAC-1	2	76
GAATCTGAACATTCTC-1	42	64
GAATGAAGGTCTTCAG-1	17	117
GAATGCGAATCGGTTC-1	63	69
GAATGTATGGCAGGTC-1	15	91
GAATGTGGTCCGGATT-1	43	81
GAATGTTGGGTAATCT-1	23	69
GAATTATAGTGAAAGG-1	34	68
GAATTATGCAACCTAC-1	2	126
GAATTCACCCGGGTGT-1	47	55
GACAAACATATGCAGG-1	44	100
GACAACGACCATTGAA-1	25	77
GACAAGAGATGAGATT-1	56	116
GACACAAGGGAAGAAA-1	30	72
GACACTGAGTTCAGTG-1	44	46
GACACTGGAACCCGAT-1	52	110
GACAGCCAGACCTGAC-1	42	86
GACATCCGTCGAACTG-1	65	71
GACATCGATTTATAAC-1	52	50
GACCAAACGTTGACTG-1	58	108
GACCAGAGCCCTGTAG-1	31	47
GACCGACGTGAAAGCA-1	38	112
GACCGCGTCTGACGTG-1	50	112
GACCGTCAGGTCGTGA-1	13	81
GACCGTGCTGACGGTG-1	40	52
GACCTTCCACGTCTAC-1	66	74
GACGACGATCCGCGTT-1	52	70
GACGAGGCTAATAAAC-1	56	100
GACGCCGTAAAGGCTA-1	54	54
GACGCTTGCTTCTAAA-1	38	36
GACGGGTTGGCCCGTA-1	61	51
GACGGTCAATAGAAGC-1	30	100
GACGGTCCTAGGGTGT-1	43	125
GACGTTCGTAAATACA-1	24	116
GACTAACACAGCACCT-1	8	90
GACTAAGATCATGCAC-1	23	53
GACTAAGTAGGCTCAC-1	27	43
GACTACAATTGCTCGT-1	8	82
GACTAGGCCGTTAGGT-1	66	78
GACTCACCCACGTGAG-1	38	106
GACTCCCAGAATAAGG-1	27	111
GACTCGCGGGAATGAC-1	28	96
GACTCGGTCGGCGGAT-1	9	107
GACTGATTGGTCACAA-1	9	101
GACTGCAAATCGAGCT-1	59	75
GACTGCACCAGCCCAG-1	46	80
GACTGGGCGCCGCAAC-1	6	94
GAGACCCTGCAACGCC-1	11	111
GAGACTGATGGGTAGA-1	28	56
GAGACTTCGCGACCGA-1	53	57
GAGAGGGCGCGAGGTT-1	38	40
GAGAGGTGCATTCTGG-1	44	28
GAGATCTGCTTGGCAT-1	34	44
GAGATCTGTCACTCCG-1	30	74
GAGATCTTCCATGACA-1	45	77
GAGATGACAATCCTTA-1	27	121
GAGATGGGAGTCGACA-1	52	72
GAGCACCTGTGTCCAG-1	58	80
GAGCACGGCGCCTCTT-1	42	122
GAGCCAGCTACCTGTG-1	53	89
GAGCCGAGCGTTTATT-1	13	107
GAGCGCAAATACTCCG-1	51	107
GAGCGCGCACGAGTAG-1	49	93
GAGCTAAGGGCATATC-1	29	83
GAGCTGTCGTCTCGGA-1	20	108
GAGGATAAACAGTGCT-1	40	114
GAGGCATTTGCAGCAG-1	16	120
GAGGCCTGTTGATACA-1	63	107
GAGGGCCATAATATTA-1	20	122
GAGGGCCGGCAGAGTC-1	6	126
GAGGGCGCAGCTCTGC-1	27	89
GAGGTACGCGTGTCCC-1	67	67
GAGGTCTTAGTGGGTC-1	3	95
GAGTAAACCGGAAAGT-1	51	117
GAGTAGATACTAGTTG-1	62	64
GAGTATCAAAGTTACA-1	57	121
GAGTATGCCCGCCTTG-1	49	43
GAGTATGCGCGTGCAT-1	63	71
GAGTCAGACCAGAATC-1	56	48
GAGTCCGCTTACCGGA-1	46	58
GAGTGCACGGACAACA-1	21	127
GAGTGTCAACCAGAAA-1	63	83
GAGTGTGCGGTACCCA-1	44	88
GATAACTCGCACTGTG-1	39	89
GATACCGTGTCGGAGT-1	41	127
GATACGATGGGAGTCA-1	45	45
GATAGGATTAATTACA-1	40	126
GATAGGTAACGTTGAC-1	48	60
GATAGGTGTCCCGGGC-1	39	123
GATATGAGACACTAAC-1	39	81
GATATGCGGTAGCCAA-1	19	91
GATATTGAGATTGGCG-1	34	100
GATATTTCCTACATGG-1	17	89
GATCATTCCAAACATT-1	30	56
GATCCCTTTATACTGC-1	28	60
GATCCGAATATAAGTG-1	36	124
GATCCGGGAATTAACA-1	39	73
GATCCTAAATCGGGAC-1	27	95
GATCCTCGACACTGGC-1	50	32
GATCCTCTTGCGCTTA-1	7	83
GATCGACACTATCTGA-1	27	47
GATCGCGGGCTCTCCA-1	36	52
GATCGCTACCCGATTT-1	50	98
GATCGGTGGCCATAAC-1	28	68
GATCGTGACTGATATC-1	38	72
GATCTCGACGCTGTGG-1	50	118
GATCTGCTATCTAAGG-1	62	56
GATCTTAGTGAACGTG-1	3	127
GATCTTGGAGGGCATA-1	44	70
GATCTTTGCAGGGTAT-1	36	38
GATCTTTGCTCAAAGA-1	12	120
GATGACGATGATCGCG-1	19	113
GATGCGTCCTGCATTC-1	37	57
GATGCTGTATTTCATC-1	43	75
GATGGTGAAATAACCC-1	6	118
GATGTGTTGTCACAAG-1	6	78
GATGTTCAATCCACGA-1	41	43
GATTAACCGAAAGCCC-1	55	93
GATTACTGAATTTGGG-1	41	39
GATTCCCTTGTCGCAG-1	25	67
GATTCGACGGTTCACG-1	41	71
GATTGGGAAAGGTTGT-1	66	80
GATTTAGTGCGTACTG-1	15	127
GCAAACCCTACATTAT-1	48	82
GCAAACCTTGGCCATA-1	57	67
GCAAACGTCGCCAGGT-1	47	117
GCAAATATTACGCTTT-1	35	41
GCAACAGCAGTATGCG-1	46	106
GCAACCACCAGACCGG-1	14	92
GCAACCACGGCCGCGT-1	43	29
GCAACGGCTAGTTATG-1	43	113
GCAAGAATTCCTTGGC-1	44	36
GCAAGATGTGTTCGCG-1	11	105
GCAAGTGCACAGAGAA-1	24	42
GCAATTAGTCGCACCG-1	31	123
GCACAAACGAGGCGTG-1	46	114
GCACACACTGGTAGCC-1	56	94
GCACGCCTACTTAGAT-1	55	39
GCACGTGGTTTACTTA-1	64	106
GCACTGCCTACCTTTA-1	66	68
GCAGAAACGTAATCCA-1	8	122
GCAGAAGGTAATCTCC-1	50	122
GCAGACCCAGCACGTA-1	39	103
GCAGATCCATAAGACT-1	51	85
GCAGATTAGGGATATC-1	37	61
GCAGCACACAGCCCAG-1	38	42
GCAGCCTATATCACAT-1	35	113
GCAGCTATGGACAGGT-1	13	113
GCAGGACTATAGAATA-1	35	37
GCAGGTAGAGTATGGT-1	18	94
GCAGTGCGGGCGGATG-1	56	126
GCAGTGTGGCTATAGG-1	59	83
GCAGTTCGATCCGAGC-1	56	118
GCATAAATTGAACGCC-1	8	126
GCATAGAGCACTCAGG-1	37	59
GCATCGGCCGTGTAGG-1	49	103
GCATGAGGGACGCGGC-1	30	90
GCATGCTAATAACGAT-1	67	95
GCATTCAAGGCAACGC-1	28	108
GCATTTCCAAGGCTCC-1	33	111
GCCAACCATTTCCGGA-1	26	106
GCCAATAGGGCATCTC-1	25	103
GCCACAATTTAAGGAC-1	45	39
GCCACTCAGAGCGCGA-1	59	95
GCCACTCCTTACGGTA-1	55	119
GCCAGGAGTAACCGAT-1	21	89
GCCAGGCGTTCGCATG-1	9	89
GCCATATTGCACACAG-1	22	90
GCCATCGAGCTGCGTG-1	53	47
GCCATCGATGCTGCAT-1	32	110
GCCCACTGGTCCACAA-1	7	125
GCCCAGATGCTGGAGA-1	37	121
GCCCATGGGTGCAATG-1	0	88
GCCCGACTTCTTCCCG-1	49	25
GCCCGATCTGTGGTCG-1	53	63
GCCCGCGCGTAAACGG-1	49	41
GCCCGTAATACCTTCT-1	27	79
GCCCTGAGGATGGGCT-1	68	74
GCCGAAATTCCTACGT-1	35	45
GCCGATTGGCCAAGCT-1	41	61
GCCGCACTCCGTTTCA-1	43	121
GCCGCTAGATACGCAG-1	2	96
GCCGCTTGTGAGAAAC-1	36	40
GCCGGGTTAGGGTCGC-1	41	59
GCCGTGGAAGAAATGT-1	39	115
GCCTATAGTGTCAGGG-1	29	91
GCCTATGCTGGGCCTT-1	18	114
GCCTCATCTGGAAATA-1	41	95
GCCTCCGACAATTCAC-1	60	98
GCCTCTATACATAGCA-1	55	75
GCCTGCTACACTGAGA-1	8	106
GCGAAACGATCGGGAG-1	54	100
GCGAAACTTAACTGGA-1	44	82
GCGAAGAATCTGACGG-1	66	84
GCGAAGCCATACCCGT-1	31	61
GCGACATGTAAACATC-1	37	107
GCGACGATAGTTGTAC-1	48	54
GCGAGAGGCCATGTAA-1	21	113
GCGAGAGTTGCGTCCA-1	33	107
GCGAGCGCATGCTCCC-1	37	109
GCGAGGCCCGAGCAGA-1	37	47
GCGAGTTCTGCAAAGA-1	35	63
GCGATTGTTAACGTTA-1	37	77
GCGCAAGAGCGCGCTG-1	40	100
GCGCATCCAGTCAGCA-1	29	95
GCGCCGTTCCACGATA-1	41	65
GCGCCTCCCACTCCGA-1	48	110
GCGCGTCATTGGTACA-1	57	83
GCGCTAAGTATGCATG-1	2	86
GCGCTAATTGAATAGA-1	34	70
GCGCTATGCCGAGGCA-1	43	47
GCGCTCGATCACCTGT-1	45	125
GCGCTGATCCAGACTC-1	17	87
GCGCTGCTTTGCATTT-1	28	94
GCGCTTAAATAATTGG-1	57	89
GCGGACCGCGTTGTGG-1	51	43
GCGGAGAAACTTCGCA-1	55	33
GCGGAGAGGGAGAACG-1	46	78
GCGGCTCTGACGTACC-1	38	38
GCGGGCATTACGATGC-1	31	119
GCGGGCGAGCCTTACC-1	55	51
GCGGTCCCGGTGAAGG-1	17	119
GCGGTGAACTGCGCTC-1	20	94
GCGGTTCCCTATCATG-1	47	49
GCGTAAATGGCCATAA-1	34	102
GCGTCGCCAGGGTGAT-1	54	62
GCGTCTAACCTCCTAA-1	32	126
GCGTCTCTGCATTGGG-1	39	41
GCGTGGTACTGGGTTA-1	35	95
GCGTTCGGAGACCGGG-1	19	103
GCGTTCTGACTAAGCG-1	57	127
GCTAACTGAAGTCTGA-1	58	88
GCTAAGTAGTTTCTCT-1	34	80
GCTACAATCGAGGATA-1	62	104
GCTACGACTTATTGGG-1	43	69
GCTACTATAGTAGAGT-1	50	94
GCTAGACCGTCTACTG-1	42	104
GCTAGAGTAGAGATGT-1	56	96
GCTAGCACCTGGGCCA-1	39	121
GCTAGCAGGGAGTGGG-1	15	101
GCTAGCTTGAATAGCT-1	52	44
GCTAGGCACCACGGAG-1	54	84
GCTAGTAGAGCTTGTA-1	39	65
GCTATACGTCTCGGAC-1	52	88
GCTATCATACTCATGG-1	54	78
GCTCAATCCGTTTATT-1	53	35
GCTCAATGTAATACCG-1	62	58
GCTCATTACTGCATGT-1	13	93
GCTCCATGAGTGCAGA-1	57	125
GCTCCCAGTCGGTCCA-1	43	109
GCTCCGCTCGCTTCAG-1	42	112
GCTCCGGACGTTGATA-1	3	103
GCTCCTGACATACTGG-1	56	32
GCTCGACCGAACTGAA-1	1	115
GCTCGCTCATGTCCAA-1	41	99
GCTCGGAATTTAAAGC-1	22	84
GCTCTAAACCCTGACG-1	24	58
GCTCTATGTTACGTGC-1	26	40
GCTCTCGGGTACCGAA-1	26	58
GCTGAACTCTCCAGGG-1	40	120
GCTGAGGCGTGAGTAT-1	40	64
GCTGCACGGTTTCTTA-1	41	73
GCTGCTAAGTAGTCGA-1	56	56
GCTGCTACTGCGTAGC-1	51	75
GCTGCTCTCCGGACAC-1	31	63
GCTGGACCCAAAGTGG-1	14	106
GCTGGCGGCGCATGCT-1	54	64
GCTGGTGACTCGTAGT-1	11	117
GCTGTATTACTGGCCC-1	46	38
GCTGTCTGTGATCGAC-1	1	91
GCTGTTGCTACCGAAC-1	39	95
GCTTAATGTAACTAAC-1	42	84
GCTTACGTAGTTAGTA-1	36	112
GCTTAGGGAAGCGGTA-1	12	124
GCTTATGAAGCAGGAA-1	35	89
GCTTCAGTGGGATTAC-1	7	113
GCTTCCGTCCCTAGAC-1	29	77
GCTTGCAGCACAATTG-1	19	117
GCTTGGATCGATTAGG-1	31	97
GCTTTCAGAGGAGGTG-1	33	95
GCTTTCTATCTCAACT-1	5	117
GCTTTGCTGCCGGGTA-1	1	127
GGAAACCTTGTTGAAT-1	20	106
GGAAACTAAATGGGCC-1	60	102
GGAAAGTGCCCATGCC-1	20	90
GGAACCGTGTAAATTG-1	49	47
GGAACTTTGGCGATTA-1	60	110
GGAAGATAAGACTGTA-1	8	124
GGAAGCTCGCTTACAG-1	11	83
GGAATGCGCTAGCGTG-1	32	82
GGACACAAGTTTACAC-1	47	111
GGACCAACAGGATAAC-1	51	67
GGACCTACGGTAACGT-1	17	109
GGACGGCTTGCGCAAC-1	7	101
GGACGTCCATAGTTGG-1	14	116
GGACTCACAAATTAGG-1	49	121
GGACTCTTCCGGTTGA-1	57	123
GGAGAAGTCATTGGCA-1	23	41
GGAGACCAATGTGCTT-1	22	118
GGAGACGACACCTTTG-1	43	67
GGAGCAACATTTCAAG-1	57	103
GGAGCACCAAGAACTA-1	26	82
GGAGCGAGGCCTACTT-1	67	69
GGAGGCCGAAGTCGTC-1	40	116
GGAGGCGAAGAACCGC-1	3	101
GGAGGGCTTGGTTGGC-1	32	78
GGAGGGTCAAGTAAGA-1	62	114
GGATCATCCCGTACGC-1	17	101
GGATCCGGAATATACT-1	34	82
GGATGAAGATCGCTGA-1	42	94
GGATGACGCGAGTTTA-1	37	45
GGATGTCCTTACCGCA-1	35	91
GGATTAAGCTAAGGTC-1	7	87
GGATTCCGCTATACCC-1	19	81
GGATTGCTGTGACTCC-1	60	84
GGATTTCACTTCTATA-1	31	83
GGCAAAGGCGCCAATA-1	54	34
GGCAAATTACTTTACT-1	41	53
GGCAAGCCAGGGATAG-1	17	121
GGCAAGGCGAAATAGC-1	45	69
GGCAATAGTCAATGAG-1	30	70
GGCACTCAGCCGACCC-1	55	123
GGCACTCCACTGGGCA-1	34	46
GGCAGCAAACCTATGC-1	51	103
GGCAGCGGTAATCCTA-1	14	100
GGCATACAGGTAGCGG-1	34	32
GGCATATCGGTTCTGC-1	17	83
GGCCCAATCTAGAGGG-1	7	117
GGCCCAGTTATCAGCA-1	12	116
GGCCCGGAGCATGTCT-1	35	119
GGCCCGTATACCATGC-1	27	119
GGCCGGCGTCTGCTAT-1	65	79
GGCCGTTTGGGTTTCA-1	59	45
GGCCTGCTTCTCCCGA-1	59	113
GGCGAAATCTAACTTG-1	43	87
GGCGAACCGTTCTGAT-1	17	127
GGCGCATGAATTGATG-1	42	54
GGCGCGGAGATCTTTC-1	58	86
GGCGCGTTCGAGTTTA-1	47	59
GGCGCTTCATTCCCTG-1	67	71
GGCGGAGTAATATTAG-1	32	46
GGCGGGCTCTAAGAGT-1	53	127
GGCGGTAGGATCATTG-1	31	69
GGCGTAGGGAAAGCTG-1	64	82
GGCTAAAGGGCGGGTC-1	19	99
GGCTAATGATTGAAAT-1	11	113
GGCTATTAAGTTGTAT-1	33	41
GGCTCGCGTTGAGGTA-1	31	93
GGCTCTGCTCCAACGC-1	26	72
GGCTGAAATAGCAAAG-1	49	79
GGCTGAGCATCGTAAG-1	9	99
GGCTTTCAATAAGGGT-1	60	62
GGGAACGGGAGGTTAG-1	39	37
GGGAAGACGGTCTGTC-1	64	76
GGGAAGGGCTTTCTCA-1	63	87
GGGAATGAGCCCTCAC-1	19	107
GGGACCCGTATATCTT-1	57	53
GGGACTGCATAGATAG-1	32	60
GGGAGAACTCACAGTA-1	32	64
GGGAGGATGCCCGAAA-1	37	51
GGGAGTTAATGAGGCG-1	33	75
GGGATCCCAATACAAA-1	18	120
GGGATGGTCGTAACCG-1	47	43
GGGATTTACCGCACCT-1	42	90
GGGCAGAGCAATCGTT-1	58	60
GGGCCCGTCTTAAACA-1	42	52
GGGCCGGCCGAAGTAC-1	36	84
GGGCCTATACAACCGG-1	3	115
GGGCCTATTTAAGTAT-1	13	117
GGGCGATATGTGTGAA-1	28	58
GGGCGCAGCGTTACTC-1	34	120
GGGCGGCAAATGAATT-1	49	45
GGGCGGGTTCCCTACG-1	43	37
GGGCGTACATTTATAT-1	24	54
GGGCGTCACCACGTAA-1	48	50
GGGCGTCCACTGGCTC-1	16	84
GGGCGTGGTTTCCCAG-1	61	81
GGGCTATGATCGATGG-1	57	51
GGGCTCATCGAACCCA-1	25	89
GGGCTGCCTAGGGCGA-1	33	69
GGGCTGGTTAGTCGCG-1	31	51
GGGTACTTCATGAACT-1	37	39
GGGTCACCGTGACGGT-1	35	47
GGGTCACGTGCTTATG-1	2	102
GGGTCACTGAGTAGTG-1	3	125
GGGTCGTGGCAAGTGT-1	25	107
GGGTCTATCGCTTTCC-1	63	113
GGGTGACACCTTAACT-1	46	56
GGGTGCATATGAAAGC-1	30	112
GGGTTAACATTTGAGT-1	54	50
GGGTTTAGGATAGGAT-1	43	107
GGTAAATGTGCGTTAC-1	11	81
GGTACAAACATGCTAT-1	40	54
GGTACACCAGATTTAT-1	26	118
GGTACCATTAAGACGG-1	29	105
GGTACTAAGTGCTTTG-1	51	123
GGTAGAAGACCGCCTG-1	53	71
GGTAGACCGTTGGGCG-1	53	53
GGTAGTGCTCGCACCA-1	34	72
GGTATAGTGACACATA-1	34	114
GGTATTGCCGAGTTTA-1	33	53
GGTCAAGACTACTTCG-1	53	105
GGTCAGTGGGTCCCAC-1	48	62
GGTCATTGTAGTCATA-1	14	120
GGTCCCATAACATAGA-1	1	103
GGTCGGATAAACGGCG-1	23	97
GGTCGGCCAGGAGCTT-1	32	84
GGTCGGTCGTCCACAG-1	56	52
GGTCTCCAAGTAGTGC-1	49	125
GGTCTCCGTCCAGGTT-1	63	101
GGTCTCTGAATGGACT-1	52	34
GGTCTGAGAATCTGGA-1	30	80
GGTCTTGAGCGCTCTT-1	65	65
GGTGAAGTACAGGGAT-1	47	37
GGTGATAAGGAGCAGT-1	37	79
GGTGCAGAGCCTATCG-1	12	104
GGTGCTGGTACACATT-1	42	46
GGTGGACCACGTGTTA-1	7	105
GGTGGACTGCTCTGGC-1	55	85
GGTGGAGGTTGATACG-1	44	122
GGTGTTCTGTTTCTAC-1	4	90
GGTGTTGGGCGTCTTA-1	49	123
GGTTACCACCCTCGGG-1	45	33
GGTTACCCGACACTTT-1	33	123
GGTTAGCTATATGTCT-1	47	87
GGTTAGGCTTGGAGAA-1	28	36
GGTTCCACCCGCTTCT-1	2	90
GGTTCCCTAGTGTCTC-1	7	123
GGTTCGATGCTGAGTT-1	4	112
GGTTCTACTCGTCTGA-1	39	105
GGTTTAATTGAGCAGG-1	26	116
GGTTTACAATCTCAAT-1	25	73
GGTTTAGCCTTTCTTG-1	46	102
GGTTTCAATCGGTCAG-1	33	91
GGTTTGACAAGAAGCT-1	12	112
GGTTTGCGAACACGTA-1	15	123
GGTTTGTGACCTGAGG-1	61	105
GTAACAACTGACCTTG-1	11	119
GTAACATCAGCTCATC-1	3	113
GTAACATCTAAGATAA-1	56	110
GTAAGCGGGCAGTCAG-1	23	63
GTAAGTAACAGTCTGG-1	40	82
GTAAGTCCACACTCTA-1	43	119
GTAATAAAGGGCTCCC-1	31	103
GTAATCTGATTCTTCG-1	50	44
GTACACTTACCTGAAG-1	36	64
GTACAGAGGCAAGGGT-1	37	83
GTACGAGATTGCGACA-1	21	57
GTACGCTTCATTGCAC-1	46	72
GTACGTCACGTATTAA-1	11	107
GTACGTTTGCCCGTCA-1	44	68
GTACTAAGATTTGGAG-1	27	55
GTACTCCTGGGTATGC-1	26	102
GTACTGGAGTTAGACC-1	33	81
GTAGACACGCCTGACT-1	63	67
GTAGAGGGAGACAAGT-1	51	31
GTAGCCAAACATGGGA-1	50	70
GTAGCGGCTATACACT-1	39	69
GTAGCTAGTAAGCGCG-1	2	80
GTAGCTTCCTCTTGTT-1	31	89
GTAGTCGCGGGAATCA-1	49	81
GTAGTCTACGATATTG-1	63	77
GTAGTTAGACAATATA-1	2	122
GTATAGTGGCCCATGT-1	4	92
GTATCAAACGTTAGCT-1	55	97
GTATCCTTTGGTAACC-1	64	92
GTATCTTTCATAACCA-1	46	66
GTATGTGGGTCTAGTT-1	38	92
GTATTAGGGTTCGCGT-1	7	109
GTATTCTGAGAAACGA-1	48	38
GTATTTAATGGCATAA-1	52	120
GTCAAGCGGACTCGGG-1	39	77
GTCAATGCTATAATTT-1	22	120
GTCACCTGTCTATGTC-1	3	97
GTCATGCACCTCCGTT-1	29	61
GTCATGCGCGAGGGCT-1	64	98
GTCATGGACATGACTA-1	26	62
GTCATTAGAGCGAACG-1	37	67
GTCCATTACTGCTACG-1	42	106
GTCCCAACGTAAAGTA-1	33	73
GTCCCGCGACGTTATG-1	58	82
GTCCGGACCTGAAATT-1	54	88
GTCCGGCTGAATTGCG-1	28	52
GTCCTACGAATAGTCT-1	53	91
GTCCTTCTAGTGGGTT-1	10	82
GTCCTTTAATGACTTC-1	8	104
GTCGATAGGTGACTTT-1	53	121
GTCGCCGTTGTGTGTT-1	57	43
GTCGCGTAACCCGTTG-1	39	75
GTCGGAAGGATACCAG-1	13	115
GTCGGATATCTCAGAC-1	32	36
GTCGGGAAGCAGAAAC-1	59	65
GTCGTACCATCTCGGG-1	46	62
GTCGTATTGGCGTACA-1	19	95
GTCGTCTGGTTGGCTA-1	30	122
GTCGTGTCTGGTCATC-1	28	110
GTCGTTATTCGCTTAT-1	46	76
GTCTAAGATGCCCAGC-1	4	124
GTCTAGTGAGCCGCTT-1	66	92
GTCTATCTGAGTTTCT-1	40	42
GTCTATTGGTTCCGGT-1	50	90
GTCTCAAGGCCCGGCT-1	60	66
GTCTCGACTAAGTTTG-1	25	111
GTCTCGATCTGCTTTC-1	20	80
GTCTGGGCGGTCGAGA-1	46	44
GTCTTGAGGAGCAGTG-1	38	116
GTCTTGTAGCTATTCA-1	44	112
GTGAAACGGCGCCACC-1	24	88
GTGAACTCCCATTCGA-1	30	104
GTGAAGATTTCAAGTG-1	21	103
GTGAAGCCGTATAGTC-1	21	107
GTGACAGCTTCCCACT-1	64	74
GTGACCGCACACTACG-1	39	91
GTGACCTAAAGAATAA-1	30	124
GTGACGAGGGTGACCC-1	32	114
GTGACGCAGGTTTCAT-1	65	75
GTGACTTCAGTAGTGC-1	46	50
GTGAGGACACTTAAGG-1	41	77
GTGAGGAGCGGTTGAG-1	13	87
GTGAGTGGTACAACGC-1	52	56
GTGATCACTAACGCCT-1	47	97
GTGATCATAGATCTGC-1	45	57
GTGATCCTTGTCATGA-1	62	84
GTGATGCACAACATCT-1	12	96
GTGATTCGCCGCTCAA-1	48	40
GTGCAGCGTAGAGTAG-1	52	124
GTGCCATCACACGGTG-1	42	34
GTGCCCGTTCGGATTC-1	39	85
GTGCCGCTTCAAAGGT-1	44	44
GTGCCTCAGTGTACGG-1	11	93
GTGCGAAATCGAACAC-1	45	43
GTGCGACAGGGAGTGT-1	36	100
GTGCGTGTATATGAGC-1	41	83
GTGCTCAAGTACTGTC-1	34	52
GTGCTTACATCAGCGC-1	46	116
GTGGACCAACCCGATT-1	45	29
GTGGACGCATTTGTCC-1	56	64
GTGGAGCATGTCGGCC-1	37	125
GTGGAGTCGGCGGTTG-1	54	38
GTGGCGTGCACCAGAG-1	1	101
GTGGGCTTAGACACAC-1	29	39
GTGGTATAGTCTGCCG-1	57	41
GTGGTCAGCGAAGTAT-1	8	92
GTGGTGATGGTTTGTG-1	54	126
GTGGTGGCCAAGTGAA-1	45	79
GTGGTTACTTCTTTCG-1	31	105
GTGGTTTCCGCCTTTC-1	42	32
GTGTACCTTGGCTACG-1	26	78
GTGTACGAACCGTTCC-1	43	127
GTGTATATCAGCGGGC-1	58	76
GTGTCCGATAAGGCAT-1	4	98
GTGTCGTATAGCGTTC-1	54	76
GTGTCGTATTCACCTT-1	9	117
GTGTGAATAACTTAGG-1	33	83
GTGTTACTATGCGTCC-1	41	75
GTTAAAGTAGGACTGG-1	49	83
GTTAACATCACTTAAA-1	55	73
GTTAACTATGTTGTCA-1	43	111
GTTAAGGGTGCGATGT-1	61	71
GTTAAGTTAGAGTGGG-1	36	116
GTTACAATTGGTGACG-1	37	33
GTTACCTACAACTTGC-1	47	67
GTTACTTTGGGCCTAG-1	43	51
GTTAGCCCATGACATC-1	67	75
GTTAGCCGTAAATCAA-1	30	110
GTTATAATACGGTGAA-1	53	107
GTTATATCAGGAGCCA-1	23	115
GTTATATTATCTCCCT-1	48	56
GTTATTAAATACGACC-1	3	85
GTTCAATCTATGTCAA-1	4	84
GTTCATCGTTTGGCTG-1	33	105
GTTCCCGTAAACATAT-1	59	119
GTTCGCCATAAGTGCC-1	37	53
GTTCGCTGAGACGTCT-1	53	109
GTTCGGAGCACTCAAC-1	64	114
GTTCGGATCGGGAACA-1	44	110
GTTCGGGCGTACCATT-1	32	108
GTTCGTCTAAAGAACT-1	51	89
GTTCGTCTGGGTCCCT-1	21	119
GTTGAACCGGTTCCAT-1	42	40
GTTGAGTCCCGCCGGT-1	52	78
GTTGCACGGAGTTTCG-1	24	48
GTTGCGCTAACATTAC-1	41	119
GTTGCGGACGGTCAGG-1	53	119
GTTGGACCGCATCAGG-1	20	116
GTTGGATTCAGTGGCT-1	16	96
GTTGGATTGAGAACAC-1	32	88
GTTGGATTTGCGTTGG-1	36	50
GTTGGTCATGCTATCC-1	55	63
GTTGTTACATTGCGCT-1	12	118
GTTTACGTTCCATCTG-1	48	64
GTTTCAAACGAGTTGT-1	61	109
GTTTCCTGGAGGGTGA-1	25	49
GTTTCTGCAGTCTCCC-1	40	72
GTTTGACCAAATCCTA-1	30	58
GTTTGGCCCAAGTTAT-1	42	80
GTTTGGCGTCAGGCAC-1	4	116
GTTTGGGCTTGTGAGC-1	51	65
GTTTGGGTTTCGCCCG-1	63	91
GTTTGGTAGGGTCAAC-1	53	59
TAAACCCAGGAGGGCA-1	54	36
TAAAGACAACCCTTTA-1	40	118
TAAAGCGTTAGGAGAA-1	28	88
TAAAGCTGCAATAGGG-1	17	97
TAAATCTTTACACCTC-1	24	120
TAAATGCCGTCTCATG-1	11	103
TAACATACAATGTGGG-1	38	70
TAACCTACCGTCCGAG-1	33	101
TAACCTAGGGAGTCCA-1	60	106
TAACTATTACGCCAAA-1	29	107
TAACTCATCCGCGCGG-1	43	49
TAAGCCCTTACGACCA-1	14	114
TAAGGCAACATAAGAT-1	25	71
TAAGGCATAACATCAA-1	57	49
TAAGGCCCGTCACCCT-1	62	70
TAAGGCTGAATCCCTC-1	45	97
TAAGGGCCTGTCCGAT-1	57	95
TAAGTAAATGTGCCGC-1	5	97
TAAGTAACATCTTGAC-1	46	40
TAAGTCGCCGAGTATC-1	54	32
TAAGTTGCGACGTAGG-1	53	95
TAATAAACAAGGAGAT-1	17	91
TAATACACAGTAGTAT-1	20	64
TAATAGAACAGAGTTA-1	50	38
TAATAGCTAAATGATG-1	26	124
TAATAGTGACGACCAG-1	27	83
TAATCAACCAAATGGG-1	51	125
TAATCAGGAATGCTGC-1	0	108
TAATCGATCCGTACGT-1	25	93
TAATTACGTCAGTAGA-1	62	102
TAATTAGGACATCCGT-1	42	108
TAATTGGAATCGGGAA-1	17	105
TACAAATTGCGGAGGT-1	1	81
TACAACGCACAACTCA-1	41	49
TACACCGTCGTTAGTC-1	25	117
TACAGAAACGGTGGGC-1	59	85
TACATAGGCATACACC-1	40	60
TACATGCCGGAATTGT-1	54	122
TACATTTCTAACGTGC-1	39	55
TACCAAATAGCCCAGA-1	59	61
TACCAATAAAGTACCA-1	55	83
TACCAGAAGTAGGTTC-1	49	51
TACCATGTATTGATTT-1	48	124
TACCGAATAATTGTAA-1	67	93
TACCGCGGACTTGCAG-1	33	97
TACCGGCTCACTGCCC-1	47	65
TACCGGTCGTTTCCAT-1	44	34
TACCGTAGGTTAACTA-1	59	57
TACCGTGCCTCGGACC-1	51	69
TACCTACTCCCAGTAT-1	58	62
TACCTCAGTTGTCTGT-1	60	50
TACCTTAAGATTTCCC-1	49	29
TACGAACACGACTTCA-1	31	53
TACGACGCTTGCTGCG-1	46	54
TACGACTGCCTCTTAG-1	44	66
TACGAGAACTTCACGT-1	35	39
TACGATCCAAGCCACT-1	3	109
TACGATGTTGATCATC-1	35	35
TACGCAGTTCTTTCCT-1	41	51
TACGCCATATTCTAAT-1	40	58
TACGCCGAGGGTACCC-1	56	34
TACGCCGCCTCAGAAG-1	45	127
TACGCCTCCATTCCGA-1	55	59
TACGCTATAGAAACCT-1	34	104
TACGCTCGGTATTGGA-1	61	113
TACGGCATGGACGCTA-1	63	115
TACGGGATGCTAGCAG-1	21	83
TACGTAAAGCGGAGTG-1	63	103
TACGTGCAAGGTTCCT-1	34	126
TACGTTTACCGGCAAT-1	40	32
TACTATGGTTCCTCAG-1	57	47
TACTCTCCGAACAAAT-1	21	81
TACTCTTACTTTACTG-1	59	111
TACTCTTTCGTCTTCA-1	58	46
TACTGAACAGATTTAG-1	56	44
TACTGCAATCAATTAC-1	22	102
TACTGTTTCTCTGGTA-1	47	119
TACTTGTTAGTAGTCC-1	37	87
TACTTTACTGAGCCGG-1	30	96
TAGAAACCACTAAGTA-1	5	79
TAGAAAGGTGGCGCTA-1	31	81
TAGAATAGCCGATGAA-1	62	100
TAGACGAAACGCCAAT-1	63	73
TAGACGCCCGTACCGG-1	32	90
TAGACTACCTAGCGTT-1	38	104
TAGAGGTTCTACTTGT-1	54	96
TAGAGTCTAAGCGAAC-1	29	55
TAGATATGGACTGGAA-1	49	53
TAGATGGTTCCTTACT-1	59	97
TAGCAGTAAATACGCG-1	4	120
TAGCCATTTCAAAGTC-1	43	89
TAGCCGGCGGTCAGCG-1	33	85
TAGCGTCCCTCGATTG-1	45	109
TAGCGTCCGGTGTGGT-1	53	77
TAGCGTTGGGTCTTAC-1	38	68
TAGCTAAGTCCGGGAG-1	29	57
TAGCTAGAAGGCATGA-1	51	51
TAGCTAGTGATGATGG-1	60	48
TAGCTCAGATCCTAGT-1	8	116
TAGCTCGCCTGATAAC-1	50	58
TAGGAACAGCCTCCAG-1	5	87
TAGGCATGTTACGCCA-1	23	85
TAGGCTAAAGTGGCAC-1	65	99
TAGGGAGCTTGGGATG-1	36	96
TAGGGTGTTTCAAGAG-1	22	54
TAGGTCGCCGGAACTG-1	32	100
TAGGTGACGATAACCT-1	61	79
TAGGTGCTCGCCTAGC-1	40	86
TAGGTGTTCCACAGAT-1	60	60
TAGGTTCGAGTTCGTC-1	35	67
TAGTCCGCAGAGAATG-1	39	53
TAGTCGATCACGGGTT-1	48	96
TAGTCTAACAACGAGA-1	40	34
TAGTCTGTGACGTTGC-1	23	103
TAGTCTTTCCGAATTG-1	50	116
TAGTGCCCTCCAGAGT-1	32	52
TAGTGGAACTCATACA-1	3	83
TAGTTAAGATAGGATA-1	12	82
TATACACAGACGCCTT-1	50	60
TATACCGAGTGCCACA-1	50	120
TATACGCGTCATCACT-1	60	68
TATAGATGGTCGCAGT-1	40	102
TATATCCCTGGGAGGA-1	36	98
TATATTACAAATGTCG-1	17	107
TATCACCATGTAAAGT-1	9	95
TATCACCCAACCGACC-1	24	100
TATCACTTCGAGTAAC-1	17	99
TATCCAATTGGTTATC-1	55	79
TATCCGCACCGTCGGG-1	59	53
TATCGATCTATGCATA-1	22	88
TATCGATGATTAAACG-1	23	49
TATCTACCACAGCGGG-1	42	60
TATGATAAATCTAACG-1	6	82
TATGATCCGGCACGCC-1	26	112
TATGATCTTCTCTTTA-1	58	90
TATGCTCCCTACTTAC-1	25	61
TATGGATGTGCTACGC-1	26	54
TATGGCTAGGCTAATT-1	27	125
TATGGGACCGAGCAGG-1	36	56
TATGGGTACGTATCGT-1	32	58
TATGGTCTGAGTAACA-1	36	58
TATGGTTAGTGGGAGA-1	41	105
TATGTCAAGACCGACT-1	20	92
TATGTCTCATTGTGCC-1	30	82
TATTAACCTGACCGCG-1	57	45
TATTACCATCCTGCTT-1	38	96
TATTCAATTCTAATCC-1	34	74
TATTCCACTCAGCTCG-1	49	57
TATTCCGAGCTGTTAT-1	54	86
TATTCCTCCGCCCACT-1	48	32
TATTCGTGCCAGAATA-1	34	64
TATTGACATTTCTGCC-1	35	117
TATTTGATTTGCACAG-1	54	118
TATTTGTTACCCTTTA-1	24	46
TCAAACAACCGCGTCG-1	24	60
TCAAACAATTAGGACA-1	2	116
TCAAACTTAGATTGTT-1	31	65
TCAAATTTGAGACTCA-1	60	70
TCAACAAAGATAATTC-1	53	29
TCAACATAGCGCCCTA-1	58	44
TCAACCATGTTCGGGC-1	25	51
TCAACGAGGAGACAAA-1	42	56
TCAACGCAGGAAATAA-1	49	31
TCAACTGCAGAGTCAG-1	56	108
TCAAGAAATACTAGCT-1	34	108
TCAAGCGCGGACGGTA-1	58	114
TCAAGCTGCCTTGAAA-1	28	126
TCAAGGTTACTACACC-1	47	103
TCAATACGCCGTCATG-1	63	61
TCACAAACCGAGGTAC-1	61	95
TCACAGCAAACTCGAA-1	51	49
TCACAGGAGAATAAGA-1	55	49
TCACAGGGAATCGCAA-1	47	79
TCACAGGTTATTGGGC-1	32	48
TCACCCTCTTAAGATT-1	45	59
TCACCGCTCGGCACTC-1	30	92
TCACGATGTCCGTGGA-1	52	28
TCACGCATTGTAGATC-1	33	49
TCACGGTCATCGCACA-1	23	45
TCACGTGCCCGATTCA-1	38	62
TCACTACGACCAATGC-1	13	95
TCACTCGTGCAACGGC-1	15	93
TCAGAACCTCCACAGG-1	30	106
TCAGACGCTATAGAAG-1	48	72
TCAGATGGAGACGTAG-1	13	127
TCAGCAAATGCATCTC-1	31	73
TCAGCCAATCCGTAAA-1	63	105
TCAGGGTGCACGAAAC-1	7	89
TCAGGGTGTAACGTAA-1	28	72
TCAGGTTCTTTGAGAA-1	30	42
TCAGTAGGGACTATAA-1	46	48
TCAGTGTATACGTCAT-1	58	36
TCATATGAGCTTTGTT-1	64	62
TCATCCTCAGCTGCTT-1	68	90
TCATGCAGGTTCTCAT-1	18	84
TCATTCGTATAATTTG-1	6	110
TCATTTAAGTCTCCGA-1	35	99
TCATTTAGAAGTGTGA-1	54	110
TCCAACTCAGCTATCT-1	67	91
TCCAACTTTAAATTCT-1	40	40
TCCAAGCCTAGACACA-1	67	79
TCCAATAAAGGCTACC-1	63	53
TCCACAATGGTTTACG-1	30	36
TCCACCTCTAGCCTTT-1	61	53
TCCACTTTATCTAGGT-1	31	79
TCCAGAGCACCGGTTC-1	40	70
TCCAGATGTACGCCAA-1	24	114
TCCAGCGCTATAAGCG-1	52	116
TCCAGGCGAGTACGGT-1	31	57
TCCAGGGTATATACGA-1	61	63
TCCATTCCCACTAGAG-1	18	126
TCCCAAACAGACAACG-1	22	110
TCCCAAAGACGAAGGA-1	26	60
TCCCAAAGCCCTAAAT-1	39	117
TCCCACTCTCTTCCGG-1	31	107
TCCCAGCACACGACAT-1	56	124
TCCCAGCTTTAGTCTG-1	34	56
TCCCAGGCTTAGCTAA-1	30	48
TCCCGCCTATGTGCGT-1	32	122
TCCCGCGTACTCCTGG-1	27	69
TCCCGGGTGTGCTGCT-1	34	34
TCCCGTCAGTCCCGCA-1	23	75
TCCCGTCGCGTCATAG-1	29	115
TCCCGTGTGCAATTTG-1	44	80
TCCCTAGATCAATAGG-1	28	114
TCCCTTAGATTACTCG-1	18	86
TCCGAACGTTGCCGCT-1	51	121
TCCGAAGTAGTCACCA-1	14	110
TCCGAATGGTCCTGAG-1	31	113
TCCGATGACTGAGCTC-1	22	76
TCCGATGGTGCGACAT-1	25	53
TCCGCCTGTCTACAAG-1	56	74
TCCGCGGCAGCATCTG-1	34	84
TCCGCGGCCCAATGAA-1	53	99
TCCGCTGTCATCCCGG-1	47	81
TCCGCTTATCCCATTA-1	50	64
TCCGGAGGAAGGGCTG-1	14	108
TCCGGCCTAGCGTACA-1	28	98
TCCGGCCTGCATCGAT-1	2	82
TCCGGCTGTCGGGTCG-1	59	127
TCCGGGCTTGACGGGA-1	66	96
TCCGGTTCGTCCGGTC-1	51	53
TCCGTTAAGCTAATAT-1	52	100
TCCGTTTAGCCTTGAA-1	29	89
TCCTAAAGATTCAGAC-1	68	84
TCCTAAATTGGGAAGC-1	56	70
TCCTACATCCACGGCC-1	46	84
TCCTAGCAAAGAAGCT-1	41	41
TCCTATCATAGGTAAC-1	46	120
TCCTCGGGCTGGGCTT-1	40	76
TCCTCTGGCCCATTAG-1	10	88
TCCTGCCAACTGGAGA-1	12	90
TCCTGCGTTGATACTC-1	38	30
TCCTGGCGCTGCCTGG-1	12	106
TCCTTACGACGGTCCG-1	49	95
TCCTTTAAATCCGCTT-1	56	92
TCCTTTCTTACGCTTA-1	30	62
TCGAAATTTAGGACCA-1	29	45
TCGAAGAACCGAGCAC-1	45	99
TCGAGACCAACACCGT-1	37	55
TCGAGCCAGGCAGGCC-1	57	37
TCGAGGGCAACAGACG-1	57	119
TCGCAAAGATGCATTT-1	47	75
TCGCACCAGGAGGCAG-1	50	80
TCGCATAAAGGGCGCA-1	63	111
TCGCCCAACTGACTCC-1	9	109
TCGCCGAAGTTGCGTC-1	45	37
TCGCCGACATATTCGC-1	66	86
TCGCCGGTCGATCCGT-1	19	61
TCGCGTAGCAGTGTCC-1	57	99
TCGCTAAACCGCTATC-1	19	89
TCGCTACTGGCTTTGA-1	65	73
TCGCTCGATATATTCC-1	29	63
TCGCTCGGCACCAGCG-1	24	108
TCGCTGGGCGGATTGT-1	28	74
TCGCTTAATTACGAAG-1	13	121
TCGCTTTAAACGTTTG-1	25	87
TCGGACGCCCAGCCCA-1	33	79
TCGGAGTACATGAGTA-1	32	74
TCGGCGAACCCAAACC-1	49	105
TCGGCGGTATTAGATT-1	2	124
TCGGCTAACTTCCCTT-1	3	77
TCGGCTTGTATCGACG-1	58	96
TCGGGAACGTGCCTAG-1	31	109
TCGGGAGACAGCGTAC-1	59	71
TCGGGCCGTCGTGGTA-1	40	88
TCGGTCCCTGACTCCA-1	10	90
TCGGTGACCGCTCCGG-1	15	109
TCGGTTAGCCATGTAG-1	5	95
TCGTAAGACGACATTG-1	27	77
TCGTAAGCTCCGAGGA-1	16	106
TCGTATCACCAAGCTA-1	0	110
TCGTATTTCGTCCGGA-1	5	81
TCGTCAAGTACGCGCA-1	56	38
TCGTCCGGGTACACTC-1	9	121
TCGTCTTAGGCGTTAA-1	53	83
TCGTGTACTATGGATG-1	47	77
TCGTGTATTGGTCACG-1	53	117
TCGTGTTCGACCACAA-1	57	105
TCGTTAGGAGTCCCTA-1	52	54
TCGTTGCTATCCGGTC-1	54	46
TCTACACGTTCATGCA-1	5	93
TCTACCCAATAGAGAG-1	56	106
TCTACCGTCCACAAGC-1	27	67
TCTACGGGCTCAGTTG-1	16	122
TCTAGCAATCTCCGCC-1	46	30
TCTAGCATCTTCGATG-1	23	43
TCTAGCATGCCCAGAA-1	48	66
TCTAGGTGGCGACGCT-1	29	99
TCTAGTGATATCGTGG-1	44	98
TCTAGTTATCAGAAGA-1	34	54
TCTATCGGTCGCAACA-1	22	64
TCTATGCTATAACGAC-1	64	94
TCTCATGAGATAGGGT-1	49	87
TCTCCAACGTAGGTTA-1	20	78
TCTCCACAAGTTGAAT-1	61	93
TCTCCCTGGGCAGCGT-1	54	80
TCTCGAACGAGGTCAC-1	12	94
TCTCGACGTATCGCCG-1	45	113
TCTCGAGGAGGTTCGC-1	52	112
TCTCTCGCCGCACATA-1	55	115
TCTGAACTCGTACCCG-1	47	95
TCTGAAGCACGTGGTC-1	56	84
TCTGAATTCCGTACAA-1	34	94
TCTGACGGGCTAACCC-1	28	120
TCTGAGCAATTGACTG-1	54	112
TCTGATCGGGTGCTAG-1	34	118
TCTGATGTATTCTGTC-1	51	83
TCTGATTGGAAATGGA-1	35	123
TCTGCACCATTAGTAA-1	25	127
TCTGCATACCTTGCTT-1	61	99
TCTGCCAGAAACTGCA-1	41	79
TCTGCGAATCGTTCGC-1	17	123
TCTGCTTAGAACAAGC-1	50	126
TCTGGAGCGTAAGAGT-1	38	126
TCTGGCCGTTCAAGTT-1	36	122
TCTGGGAACCTTTGAA-1	40	98
TCTGGGTAGCGCTCAT-1	40	36
TCTGTGATGGAGGTTG-1	6	114
TCTGTGCCATCATAGT-1	32	80
TCTGTTACCCAGCATA-1	51	35
TCTTACCGGAACTCGT-1	21	91
TCTTACTTATGCCTCT-1	45	93
TCTTAGAGCTCCAATT-1	40	108
TCTTAGAGTGAACTCT-1	43	99
TCTTCCCATGGGCACA-1	32	96
TCTTCGAATAGACGTT-1	39	71
TCTTCGATACCAATAA-1	32	66
TCTTCGCGGTGAGAGG-1	60	116
TCTTCTATAACCCGCC-1	45	107
TCTTGATGCGTAGCGA-1	32	68
TCTTGCTCCCGATACT-1	65	67
TCTTGGTAACACCAAA-1	21	65
TCTTTAAGACTATGAA-1	34	98
TCTTTAGAGTCTAACA-1	50	114
TCTTTAGCAGGCGAAC-1	34	116
TCTTTCCTTCGAGATA-1	58	120
TCTTTCTCTTAAGGAG-1	7	79
TGAAAGGACCTGACTC-1	35	83
TGAATACCGACGCGTA-1	66	82
TGAATATGCTATAAAC-1	16	114
TGAATGAGATACAGCA-1	17	125
TGAATGTCAGCCGGCC-1	47	109
TGACAACGCATGTCGC-1	40	124
TGACACTTCTCTTTGC-1	16	102
TGACATCGAGCGGACC-1	35	101
TGACCAAATCTTAAAC-1	66	62
TGACCAGCTTCAAAGT-1	7	97
TGACCCACGTTAGACA-1	33	47
TGACCCAGCATTCCCG-1	3	105
TGACGATGCACTAGAA-1	37	95
TGACTATAATCCTTTC-1	46	68
TGAGAGATTTACCACG-1	41	91
TGAGATTAGGCCCTAA-1	16	94
TGAGCCATACAGTCTC-1	42	38
TGAGCGGAAAGTGTTC-1	55	65
TGAGCTCAACTGTATA-1	58	124
TGAGCTTTAATGACGC-1	19	85
TGAGGAGTGCCAGCTT-1	58	58
TGAGTAAATTAGCGTA-1	47	57
TGAGTGCCTCTTAAAT-1	45	41
TGAGTGGTCCGTGACG-1	30	84
TGAGTTAAAGACATTC-1	48	112
TGATACATTTAGCCGT-1	55	43
TGATCCCAGCATTAGT-1	27	107
TGATCGGTTTGACCCT-1	28	54
TGATCTACGCTGATCT-1	16	100
TGATCTCCGGCGCCAG-1	28	50
TGATGCTCACGTAGTC-1	5	123
TGATGGCTGTTTCTGA-1	30	114
TGATGTCAATTAAGTG-1	59	103
TGATTATGGCACGCAG-1	13	111
TGATTCGTCTATCACT-1	31	41
TGATTCTGTCGCCGGT-1	48	44
TGATTTATTAGCTGTG-1	38	34
TGCAACCCATCTGCGG-1	60	90
TGCAAGAATGACGTAA-1	30	60
TGCAATCTAACACGGT-1	62	90
TGCAATTTGGGCACGG-1	14	104
TGCACAGTGAAGTTAT-1	12	100
TGCAGAGTACCGAGCA-1	38	46
TGCAGGATCGGCAAAG-1	24	74
TGCAGTGAGGCTCGGG-1	15	121
TGCAGTTTCCTCCCAT-1	40	90
TGCATATGTCTGTCAC-1	35	85
TGCATCTCCGGATCTT-1	4	118
TGCATGGATCGGATCT-1	19	67
TGCATGGCAGTCTTGC-1	1	105
TGCATGTGGTAATCTA-1	29	81
TGCCAATGGGTACTCT-1	54	52
TGCCACCTGGCGAAAC-1	20	76
TGCCAGTACGTGGAGA-1	51	71
TGCCATGGCTTATAAG-1	4	96
TGCCATTACTAAAGAA-1	21	87
TGCCCGTACCGTTAAA-1	45	75
TGCCGAAAGCGTATTC-1	33	119
TGCCGTGGATCGTCCT-1	57	63
TGCCTAAATTTAATAG-1	39	127
TGCCTAATTGAAGATT-1	55	105
TGCCTGATCAAACGAT-1	20	70
TGCCTTGGCCAGGCAA-1	52	82
TGCGACACCCTAGTGC-1	46	46
TGCGAGAATATTACCC-1	50	40
TGCGAGATGGCGGCCA-1	11	115
TGCGAGCCCTTCCGCG-1	12	102
TGCGCAAAGCATTTGG-1	31	67
TGCGCCGTTAATAACG-1	41	123
TGCGCGATTAACGGAG-1	27	41
TGCGGAGTAAAGGTGC-1	22	70
TGCGGTCTACGAGTAA-1	0	94
TGCGTAAGAACCTGAT-1	43	43
TGCGTTTGTTGACACT-1	42	76
TGCTAAGTGTCTATTT-1	52	90
TGCTCACACAACAACC-1	2	108
TGCTCCACAGTTCTTA-1	45	95
TGCTCGGCGAAACCCA-1	57	61
TGCTCGGTGGGTCACC-1	66	72
TGCTCTGCCGGTTCAC-1	27	127
TGCTCTTGAGAGTTTG-1	64	70
TGCTGCGTCAGAGTTA-1	10	124
TGCTGTTGAAGAACTC-1	38	66
TGCTTCCCAAGCAGTA-1	62	66
TGGAACCACTGACACA-1	24	102
TGGAAGAAGGGAACGT-1	39	35
TGGAAGGATAAAGATG-1	20	68
TGGAATATCCTTGACC-1	23	107
TGGACCAATCTAAGAT-1	62	80
TGGACTGTTCGCTCAA-1	37	73
TGGAGGGAAACACCTC-1	22	122
TGGAGTGATGCGATGA-1	29	41
TGGCAAACTAAATTAC-1	50	78
TGGCAACTCGCGCGCC-1	22	86
TGGCAATGGGACGGCG-1	54	106
TGGCACGAGCTCGAGT-1	5	99
TGGCAGATTACGATCA-1	44	58
TGGCAGCAGTAATAGT-1	39	61
TGGCCAAACTGAAGTA-1	28	76
TGGCCGTATATTGACC-1	26	38
TGGCGACTGCTCCAAA-1	55	47
TGGCGATCAAGTTATG-1	51	55
TGGCTACACTCTACCT-1	64	100
TGGCTATGTGACATAC-1	60	82
TGGCTTGTACAAGCTT-1	16	116
TGGGATGCACTCATTC-1	12	98
TGGGCAATAGTTGGGT-1	46	108
TGGGCAGGCCACCGCA-1	54	116
TGGGCCCATACTAATT-1	47	89
TGGGTGGGATGTCATT-1	10	112
TGGTAGAATATATGGG-1	48	100
TGGTCCCACGCTACGG-1	52	74
TGGTCGTTTGATAGAT-1	2	106
TGGTCTGTTGGGCGTA-1	37	29
TGGTTAAGGGCGCTGG-1	26	114
TGGTTCAACGGGTAAT-1	50	74
TGGTTCGTAGCAAAGG-1	23	55
TGGTTGGAGGATCCTG-1	11	91
TGGTTTAAACGTGGGT-1	24	112
TGTAATGCCTTCGGAC-1	3	107
TGTACCTACACGAGGG-1	59	91
TGTACGAACAAATCCG-1	38	58
TGTACGCTATCAGCTT-1	0	84
TGTACTACTCTCACGG-1	20	120
TGTAGCCATCCCATTC-1	62	112
TGTAGGAGAAATTTCC-1	34	86
TGTAGTGATCTATAAT-1	35	33
TGTATAACAGATCCTG-1	29	79
TGTATACGGATGATGA-1	25	125
TGTATCAGACTGAAGC-1	10	110
TGTATGGCGCAGACAG-1	43	93
TGTATTTACCTAATGC-1	10	102
TGTCATTTGTTGGGAA-1	21	109
TGTGACTACGCCAGTC-1	21	73
TGTGAGACTAGCCCAA-1	59	63
TGTGATTCCAGCGCTT-1	0	86
TGTGCCGGTGCCGGAA-1	53	97
TGTGGACTATCTACGT-1	52	126
TGTGGCAAAGCGTATG-1	29	87
TGTGGCGGGCTTCTGG-1	65	59
TGTGGCTCCCACCAAC-1	44	118
TGTGGTAGGGTGCCTT-1	53	125
TGTGTAGTAGCACGTG-1	58	116
TGTGTCGCGAGTTGCA-1	24	36
TGTTATTGTATGTGGC-1	44	86
TGTTCCGCTTCCATGA-1	36	44
TGTTCGTATTGCGGTG-1	49	61
TGTTCTCTACTCCCTA-1	13	123
TGTTCTTCCATTGACT-1	33	43
TGTTGATCACTGTTTA-1	2	120
TGTTGCCGTCGTCCCA-1	46	122
TGTTGTCAAGAAGTCT-1	24	82
TGTTTGAGATCGTCAG-1	49	115
TTAAACTCGAATTCAT-1	31	95
TTAACGAACAAGCAGT-1	22	114
TTAACTTCAGGTAGGA-1	46	26
TTAAGACGAACGAACC-1	6	96
TTAAGATAGGATTGAC-1	43	101
TTAAGCGCCTGACCCA-1	30	44
TTAAGTATTGTTATCC-1	64	90
TTAATGTAGACCAGGT-1	30	68
TTAATTGCTTTGGGTG-1	62	76
TTACAACTACGCATCC-1	24	52
TTACACGATCTGCGAC-1	62	110
TTACAGACCTAAATGA-1	26	96
TTACATGCCACAACTA-1	41	103
TTACCCATTGCCGGGT-1	17	85
TTACCCTAGGGATTGG-1	60	58
TTACGGATGGTTCGAG-1	33	93
TTACGTAGCGCGTGCT-1	2	100
TTACTAAAGGACTTTA-1	48	78
TTACTCCGGCCGGGAA-1	34	78
TTACTCTGGTACGTAC-1	43	31
TTACTGGGATATTTCA-1	44	54
TTACTGTCTAGAGCTC-1	19	115
TTAGAAGAACATGACT-1	52	64
TTAGACACGATCGTTG-1	16	86
TTAGACGAGTCACCTC-1	48	80
TTAGAGTTTAGAAGGA-1	46	86
TTAGCTAATACGATCT-1	22	98
TTAGCTGATTTGCCGT-1	38	94
TTAGGATGGGAGGGTA-1	47	127
TTAGGTCATAACCGAC-1	58	38
TTAGTAAACCTGCTCT-1	62	94
TTAGTTATTCGTGGCA-1	47	91
TTAGTTCAAGTGTTCG-1	22	112
TTATAGGTAATTGTCT-1	61	73
TTATAGTCCAAGGTGC-1	5	107
TTATATACGCTGTCAC-1	38	74
TTATATTTGGCAATCC-1	26	64
TTATCCGGGATCTATA-1	51	87
TTATCTGTATCATAAC-1	22	60
TTATGAATGAAAGGGA-1	41	63
TTATGATCTTAACGAA-1	38	82
TTATTAGAGCGTGTTC-1	46	70
TTATTATCTGGAAGGC-1	55	121
TTCAAAGTCTCTAGCC-1	35	75
TTCAATACTCTGAATC-1	38	86
TTCAATTAGCCATAAT-1	7	77
TTCACGAAAGGATCAC-1	38	54
TTCACTCGAGCACCTA-1	55	69
TTCAGCCCTGGTCCAC-1	47	85
TTCAGCTGGCGTGCCC-1	55	95
TTCCAATCAGAGCTAG-1	23	95
TTCCAATCTGGCTATC-1	48	46
TTCCACACAGATTTGA-1	50	46
TTCCACATTTCTCGTC-1	1	77
TTCCAGACGAGATTTA-1	39	111
TTCCATCATGCGGTGA-1	13	99
TTCCATCGACAGCGTG-1	61	107
TTCCCGACGCTTCACT-1	1	89
TTCCGCAGAGAAATAT-1	21	101
TTCCGCGTGAGGCGAT-1	46	64
TTCCGGCCTTGAGGCT-1	54	44
TTCCGGCTCGACTTCT-1	12	110
TTCCGGTATCTGTGTC-1	41	115
TTCCGGTTACCCACTT-1	45	87
TTCCTCGGACTAACCA-1	50	86
TTCGACAGAGCCCGTG-1	52	68
TTCGACGGGAAGGGCG-1	24	44
TTCGAGCCGGCGCTAC-1	9	123
TTCGCACTCGCGTGCT-1	25	45
TTCGCACTGTACGACA-1	61	59
TTCGCGCGCCATACGA-1	59	47
TTCGCTAGGAAGTTGT-1	41	117
TTCGCTATCTGACGTG-1	20	100
TTCGGACTGATGCCTT-1	7	99
TTCGGCAACCCGCTGA-1	16	88
TTCGGGACTAATCGCG-1	36	72
TTCGGGCGCTAGTCTT-1	55	37
TTCGGGTTGCCACGGG-1	61	117
TTCGGTGGAGACGCCC-1	47	121
TTCGTAATCCCAGCGG-1	12	86
TTCGTGGGCTGGAAGC-1	4	114
TTCGTTCAACGAAGTT-1	23	105
TTCTAACCGAAGCTTA-1	34	90
TTCTACCTTTATGTTG-1	6	84
TTCTAGGCCAATTGTG-1	22	44
TTCTATGCCTTTCGCA-1	29	121
TTCTGACCGGGCTCAA-1	52	84
TTCTGCCGCGCCTAGA-1	49	69
TTCTGCGGGTTAGCGG-1	40	80
TTCTGCTAGACTCCAA-1	28	106
TTCTTATCCGCTGGGT-1	49	101
TTCTTCGCAATAGAGC-1	1	85
TTCTTGAGCCGCGCTA-1	47	41
TTCTTGCTAGCATCTC-1	40	110
TTCTTGGACGATCTGC-1	52	32
TTCTTGGAGTAATGAG-1	21	79
TTCTTTGGTCGCGACG-1	24	104
TTGAAAGGTGTAAAGG-1	13	103
TTGAACGACGTGCTGA-1	60	88
TTGAAGAATTCCCAGG-1	32	50
TTGAATATGGACTTTC-1	34	76
TTGAATTCACGTGAGG-1	39	97
TTGACAGGAGCTCCCG-1	47	99
TTGACATGAACGTGGA-1	44	32
TTGACCAGGAACAACT-1	64	80
TTGACCATGTTCTCCG-1	24	78
TTGACCGTGTTAATGA-1	50	34
TTGACGCTCCATGAGC-1	41	101
TTGACTACCATATGGT-1	43	41
TTGACTATTGTCCGGC-1	46	104
TTGAGAAGTTTAGCAT-1	55	87
TTGAGAGTACTGCTAA-1	44	38
TTGAGCAGCCCACGGT-1	44	116
TTGAGCGCCACGTGAT-1	38	118
TTGAGGCATTTAACTC-1	7	91
TTGAGGGTCGAACGCG-1	3	119
TTGAGTCCCGCTGCTG-1	39	119
TTGATAGTCAATACAT-1	27	115
TTGATCTAACTTTGTC-1	29	47
TTGATGTGTAGTCCCG-1	24	90
TTGATTAGCTGTTTCT-1	48	34
TTGCACAATTCAGAAA-1	43	57
TTGCACGGAGCAGCAC-1	21	59
TTGCAGGTCATGAAGT-1	0	106
TTGCATGCTGATCACG-1	41	35
TTGCCAAGCAGAACCC-1	44	114
TTGCCCTGATCACGGG-1	36	34
TTGCCGCTTTCTAGTA-1	62	78
TTGCCGGTGATCCCTC-1	11	97
TTGCGGCATCAGAAAG-1	53	45
TTGCGTCGGCCAACCG-1	51	41
TTGCGTGAACGCTTAG-1	14	96
TTGCTCCCATACCGGA-1	22	72
TTGCTGATCATGTTCG-1	33	57
TTGCTGGCCGGGCTTC-1	8	78
TTGGAAGAATACAGTC-1	50	24
TTGGACATGTGGCTTA-1	41	29
TTGGACCATCTGGCAA-1	51	105
TTGGACCTATAACAGT-1	56	86
TTGGATATCGTCTACG-1	48	52
TTGGCCTAGAATTTCG-1	16	82
TTGGCGATCCGAATAT-1	35	121
TTGGCTCGCATGAGAC-1	23	37
TTGGGACACTGCCCGC-1	28	70
TTGGGACGTAAGAGTT-1	51	109
TTGGGCGGCGGTTGCC-1	30	76
TTGGGTTTATTCAGCG-1	15	125
TTGGTATGGCTTGTGT-1	33	117
TTGGTCACACTCGTAA-1	48	48
TTGGTGCGGTGTTGAA-1	6	122
TTGGTTCGCTCAAAGG-1	39	125
TTGTAACTTCATAGCG-1	2	110
TTGTAAGGACCTAAGT-1	46	32
TTGTAAGGCCAGTTGG-1	27	81
TTGTAATCCGTACTCG-1	35	55
TTGTCGTTCAGTTACC-1	22	58
TTGTGAACCTAATCCG-1	56	90
TTGTGCAGCCACGTCA-1	60	74
TTGTGGTAGGAGGGAT-1	50	28
TTGTGGTATAGGTATG-1	24	126
TTGTGGTGGTACTAAG-1	63	95
TTGTGTATGCCACCAA-1	56	60
TTGTGTTTCCCGAAAG-1	51	59
TTGTTCAGTGTGCTAC-1	24	64
TTGTTGTGTGTCAAGA-1	31	77
TTGTTTCACATCCAGG-1	58	42
TTGTTTCCATACAACT-1	45	27
